file	repo	stars	bytes	jenkins_lint	jenkins_job_raw	jenkins_job	jenkins_elapsed_ms	jenkins_compiled	jenkins_reached_agent	chengis	chengis_stages	chengis_steps	ranvil	ranvil_actions	ranvil_errors
HariSekhon_Jenkins.Jenkinsfile	HariSekhon/Jenkins	95	56749	declarative_valid	groovy_compile_failure	compile_or_model_failure	352.874	False	False	parsed	49	76	rejected	76	E_UNSUPPORTED_RESULT_STEP,E_UNSUPPORTED_TRIGGERS,E_UNSUPPORTED_CREDENTIALS,E_UNSUPPORTED_OPTION,E_UNKNOWN_STEP,E_UNSUPPORTED_CONDITION
gdemengin_pipeline-logparser.Jenkinsfile	gdemengin/pipeline-logparser	18	52658	not_declarative_pipeline	compiled_waiting_for_agent	compiled_waiting_for_agent	1436.961	True	True	empty	0	0	rejected	0	E_PARSE
MrRameshRajendran_Hybrid_MultiCloud_Overlay.Jenkinsfile	MrRameshRajendran/Hybrid_MultiCloud_Overlay	138	25734	declarative_valid	compiled_waiting_for_agent	compiled_waiting_for_agent	1263.994	True	True	parsed	5	4	accepted	0	
roryeckel_codex-jenkinsfile.Jenkinsfile	roryeckel/codex-jenkinsfile	7	19507	declarative_valid	compiled_waiting_for_agent	compiled_waiting_for_agent	2086.116	True	True	parsed	5	5	rejected	4	E_UNSUPPORTED_PARAMETERS,E_UNSUPPORTED_CREDENTIALS,E_UNSUPPORTED_CONDITION
aws-samples_ecs-bg-external-controller.Jenkinsfile	aws-samples/ecs-bg-external-controller	10	17055	declarative_valid	compiled_waiting_for_agent	compiled_waiting_for_agent	2512.544	True	True	parsed	12	15	accepted	0	
cloud-bulldozer_scale-ci-pipeline.Jenkinsfile	cloud-bulldozer/scale-ci-pipeline	17	15620	not_declarative_pipeline	missing_binding_or_library	missing_binding_or_library	3300.714	True	False	parsed	2	2	rejected	0	E_PARSE
SumitKr88_multiscanpipeline-jenkins-fastlane-ios.Jenkinsfile	SumitKr88/multiscanpipeline-jenkins-fastlane-ios	9	14021	declarative_valid	compiled_waiting_for_agent	compiled_waiting_for_agent	2399.897	True	True	parsed	10	9	rejected	0	E_PARSE
Romeh_spring-boot-sample-app.Jenkinsfile	Romeh/spring-boot-sample-app	100	13976	declarative_valid	compiled_waiting_for_agent	compiled_waiting_for_agent	967.142	True	True	parsed	9	12	rejected	5	E_UNSUPPORTED_OPTION,E_UNKNOWN_STEP
eldada_jenkins-pipeline-kubernetes.Jenkinsfile	eldada/jenkins-pipeline-kubernetes	226	13498	declarative_valid	compiled_waiting_for_agent	compiled_waiting_for_agent	1583.119	True	True	parsed	13	31	rejected	8	E_UNKNOWN_STEP,E_UNSUPPORTED_CONDITION
cloudogu_gitops-playground.Jenkinsfile	cloudogu/gitops-playground	266	12821	declarative_valid	compiled_waiting_for_agent	compiled_waiting_for_agent	2735.942	True	True	parsed	4	2	rejected	9	E_UNSUPPORTED_TRIGGERS,E_UNSUPPORTED_OPTION,E_UNSUPPORTED_AGENT,E_UNKNOWN_STEP,E_UNSUPPORTED_CONDITION
VAD37_unity-jenkinsfile.Jenkinsfile	VAD37/unity-jenkinsfile	11	12774	declarative_valid	runtime_failure	other_runtime_failure	763.648	True	False	parsed	5	10	rejected	7	E_UNSUPPORTED_OPTION,E_UNSUPPORTED_CHECKOUT,E_UNSUPPORTED_ARTIFACT_STEP,E_UNSUPPORTED_CREDENTIALS
jenkinsci_docker.Jenkinsfile	jenkinsci/docker	7572	11882	not_declarative_pipeline	runtime_failure	other_runtime_failure	396.659	True	False	parsed	13	17	rejected	1	E_UNSUPPORTED_SCRIPTED_PIPELINE,E_NO_PIPELINE
jenkinsci_jenkins.Jenkinsfile	jenkinsci/jenkins	25617	10833	not_declarative_pipeline	compiled_waiting_for_agent	compiled_waiting_for_agent	1522.808	True	True	parsed	4	5	rejected	1	E_UNSUPPORTED_SCRIPTED_PIPELINE,E_NO_PIPELINE
maxyermayank_jenkins-pipeline-demo-api.Jenkinsfile	maxyermayank/jenkins-pipeline-demo-api	9	9954	declarative_valid	compiled_waiting_for_agent	compiled_waiting_for_agent	2157.501	True	True	parsed	11	21	rejected	13	E_UNSUPPORTED_AGENT,E_UNSUPPORTED_OPTION,E_UNKNOWN_STEP,E_UNSUPPORTED_REPORT_STEP,E_UNSUPPORTED_ARTIFACT_STEP,E_UNSUPPORTED_CONDITION
boozallen_devsecops-example-helloworld.Jenkinsfile	boozallen/devsecops-example-helloworld	100	9643	declarative_valid	compiled_waiting_for_agent	compiled_waiting_for_agent	2329.339	True	True	parsed	10	10	rejected	13	E_UNSUPPORTED_AGENT,E_UNSUPPORTED_OPTION,E_UNKNOWN_STEP
Terradue_DotNetOpenSearchClient.Jenkinsfile	Terradue/DotNetOpenSearchClient	4	8694	declarative_valid	compiled_waiting_for_agent	compiled_waiting_for_agent	932.002	True	True	parsed	4	16	rejected	2	E_UNSUPPORTED_AGENT,E_UNSUPPORTED_WORKSPACE_TRANSFER
maxyermayank_jenkins-pipeline-demo-pwa.Jenkinsfile	maxyermayank/jenkins-pipeline-demo-pwa	4	8622	declarative_valid	compiled_waiting_for_agent	compiled_waiting_for_agent	1480.268	True	True	parsed	9	11	rejected	10	E_UNSUPPORTED_AGENT,E_UNSUPPORTED_OPTION,E_UNKNOWN_STEP,E_UNSUPPORTED_CONDITION
k11h-de_zap-jenkins.Jenkinsfile	k11h-de/zap-jenkins	4	8593	declarative_invalid	groovy_compile_failure	compile_or_model_failure	523.832	False	False	empty	0	0	rejected	8	E_UNSUPPORTED_RESULT_STEP,E_UNSUPPORTED_TRIGGERS,E_UNSUPPORTED_OPTION,E_UNSUPPORTED_CHECKOUT,E_UNKNOWN_STEP
judexzhu_Jenkins-Pipeline-CI-CD-with-Helm-on-Kubernetes.Jenkinsfile	judexzhu/Jenkins-Pipeline-CI-CD-with-Helm-on-Kubernetes	57	8578	not_declarative_pipeline	compiled_waiting_for_agent	compiled_waiting_for_agent	1293.489	True	True	parsed	2	3	rejected	1	E_UNSUPPORTED_SCRIPTED_PIPELINE,E_NO_PIPELINE
cloudogu_reveal.js-docker-example.Jenkinsfile	cloudogu/reveal.js-docker-example	7	8279	not_declarative_pipeline	groovy_compile_failure	compile_or_model_failure	626.112	False	False	parsed	7	13	rejected	2	E_SHARED_LIBRARY_UNSUPPORTED,E_UNSUPPORTED_SCRIPTED_PIPELINE,E_NO_PIPELINE
cloudogu_continuous-delivery-slides.Jenkinsfile	cloudogu/continuous-delivery-slides	5	7997	not_declarative_pipeline	groovy_compile_failure	compile_or_model_failure	622.003	False	False	parsed	7	9	rejected	2	E_SHARED_LIBRARY_UNSUPPORTED,E_UNSUPPORTED_SCRIPTED_PIPELINE,E_NO_PIPELINE
zowe_jenkins-library.Jenkinsfile	zowe/jenkins-library	53	7753	not_declarative_pipeline	compiled_waiting_for_agent	compiled_waiting_for_agent	1323.046	True	True	parsed	4	6	rejected	1	E_UNSUPPORTED_SCRIPTED_PIPELINE,E_NO_PIPELINE
jenkinsci_docker-agents.Jenkinsfile	jenkinsci/docker-agents	339	7356	not_declarative_pipeline	missing_binding_or_library	missing_binding_or_library	1263.706	True	False	parsed	6	6	rejected	1	E_UNSUPPORTED_SCRIPTED_PIPELINE,E_NO_PIPELINE
alanmacgowan_WebApplication.Jenkinsfile	alanmacgowan/WebApplication	6	6910	declarative_valid	compiled_waiting_for_agent	compiled_waiting_for_agent	1212.768	True	True	parsed	9	14	rejected	17	E_UNSUPPORTED_OPTION,E_UNKNOWN_STEP,E_UNSUPPORTED_CHECKOUT,E_UNSUPPORTED_ARTIFACT_STEP
varunpalekar_php-ci-cd.Jenkinsfile	varunpalekar/php-ci-cd	11	6463	declarative_valid	compiled_waiting_for_agent	compiled_waiting_for_agent	1250.319	True	True	parsed	7	16	rejected	11	E_UNSUPPORTED_CONDITION,E_UNKNOWN_STEP
restalion_python-jenkins-pipeline.Jenkinsfile	restalion/python-jenkins-pipeline	19	6338	declarative_valid	compiled_waiting_for_agent	compiled_waiting_for_agent	1178.022	True	True	parsed	13	26	accepted	0	
vskurikhin_DayBook3.Jenkinsfile	vskurikhin/DayBook3	7	5942	declarative_valid	compiled_waiting_for_agent	compiled_waiting_for_agent	1304.493	True	True	parsed	4	12	rejected	2	E_UNSUPPORTED_REPORT_STEP,E_UNSUPPORTED_CREDENTIALS
pavankjadda_BookStore.Jenkinsfile	pavankjadda/BookStore	14	5482	declarative_invalid	runtime_failure	compile_or_model_failure	646.189	False	False	parsed	9	14	rejected	4	E_UNSUPPORTED_TOOLS,E_UNKNOWN_STEP,E_UNSUPPORTED_CONDITION
jerearista_python-jenkinsfile-testing.Jenkinsfile	jerearista/python-jenkinsfile-testing	34	5252	declarative_valid	compiled_waiting_for_agent	compiled_waiting_for_agent	1240.568	True	True	parsed	6	9	rejected	11	E_UNSUPPORTED_OPTION,E_UNSUPPORTED_REPORT_STEP,E_UNKNOWN_STEP
mjah_kubernetes-jenkins-cicd-pipeline-example.Jenkinsfile	mjah/kubernetes-jenkins-cicd-pipeline-example	35	5037	declarative_valid	compiled_waiting_for_agent	compiled_waiting_for_agent	1409.41	True	True	parsed	5	5	rejected	2	E_UNSUPPORTED_AGENT
bszeti_kubernetes-integration-test.Jenkinsfile	bszeti/kubernetes-integration-test	31	4742	not_declarative_pipeline	runtime_failure	missing_cloud_configuration	383.113	True	False	parsed	6	9	rejected	1	E_UNSUPPORTED_SCRIPTED_PIPELINE,E_NO_PIPELINE
Romeh_spring-boot-ignite.Jenkinsfile	Romeh/spring-boot-ignite	48	4735	declarative_valid	compiled_waiting_for_agent	compiled_waiting_for_agent	950.268	True	True	parsed	4	5	rejected	7	E_UNSUPPORTED_OPTION,E_UNSUPPORTED_CONDITION,E_UNKNOWN_STEP
pawnu_PythonSecurityPipeline.Jenkinsfile	pawnu/PythonSecurityPipeline	91	4722	declarative_valid	compiled_waiting_for_agent	compiled_waiting_for_agent	1321.244	True	True	parsed	9	19	rejected	1	E_UNKNOWN_STEP
qiuhuanhen_springboot-DDD.Jenkinsfile	qiuhuanhen/springboot-DDD	10	4714	declarative_valid	compiled_waiting_for_agent	compiled_waiting_for_agent	1898.757	True	True	parsed	6	22	accepted	0	
jenkinsci_docker-inbound-agent.Jenkinsfile	jenkinsci/docker-inbound-agent	480	4705	declarative_valid	compiled_waiting_for_agent	compiled_waiting_for_agent	3134.621	True	True	parsed	7	21	rejected	3	E_UNSUPPORTED_MATRIX,E_UNSUPPORTED_AGENT,E_UNSUPPORTED_OPTION
Blazemeter_taurus.Jenkinsfile	Blazemeter/taurus	2108	4448	declarative_valid	groovy_compile_failure	compile_or_model_failure	356.534	False	False	parsed	8	10	rejected	9	E_UNSUPPORTED_AGENT,E_UNSUPPORTED_OPTION,E_UNSUPPORTED_ARTIFACT_STEP,E_UNSUPPORTED_CONDITION,E_UNSUPPORTED_CREDENTIALS,E_UNKNOWN_STEP
merken_netCoreBuild.Jenkinsfile	merken/netCoreBuild	8	4425	not_declarative_pipeline	compiled_waiting_for_agent	compiled_waiting_for_agent	776.964	True	True	parsed	6	7	rejected	1	E_UNSUPPORTED_SCRIPTED_PIPELINE,E_NO_PIPELINE
j8kin_habr-jenkinsfile.Jenkinsfile	j8kin/habr-jenkinsfile	5	4404	not_declarative_pipeline	missing_step_or_plugin	missing_step_or_plugin	620.89	True	False	parsed	3	6	rejected	1	E_UNSUPPORTED_SCRIPTED_PIPELINE,E_NO_PIPELINE
planetpratik_CMake-Jenkins-CPP.Jenkinsfile	planetpratik/CMake-Jenkins-CPP	12	4402	declarative_valid	compiled_waiting_for_agent	compiled_waiting_for_agent	1302.55	True	True	parsed	3	2	accepted	0	
beifei1_fire-cloud.Jenkinsfile	beifei1/fire-cloud	16	4390	declarative_invalid	runtime_failure	compile_or_model_failure	374.4	False	False	parsed	4	6	rejected	11	E_UNSUPPORTED_TOOLS,E_UNSUPPORTED_OPTION,E_UNKNOWN_STEP,E_UNSUPPORTED_CONDITION
rmkanda_secure-pipeline-java-demo.Jenkinsfile	rmkanda/secure-pipeline-java-demo	33	4192	declarative_valid	runtime_failure	missing_cloud_configuration	537.249	True	False	parsed	7	3	rejected	3	E_UNSUPPORTED_AGENT,E_UNKNOWN_STEP
ricardozanini_soccer-stats.Jenkinsfile	ricardozanini/soccer-stats	84	4101	not_declarative_pipeline	compiled_waiting_for_agent	compiled_waiting_for_agent	1142.389	True	True	parsed	7	7	rejected	1	E_UNSUPPORTED_SCRIPTED_PIPELINE,E_NO_PIPELINE
mindstix-labs_qa-automation-accelerator.Jenkinsfile	mindstix-labs/qa-automation-accelerator	8	4085	declarative_valid	compiled_waiting_for_agent	compiled_waiting_for_agent	1562.056	True	True	parsed	5	9	rejected	2	E_UNSUPPORTED_OPTION,E_UNKNOWN_STEP
Tynab_crm-project.Jenkinsfile	Tynab/crm-project	23	4052	declarative_valid	compiled_waiting_for_agent	compiled_waiting_for_agent	933.321	True	True	parsed	4	12	rejected	3	E_UNSUPPORTED_CREDENTIALS,E_UNKNOWN_STEP
sidd-harth_apigee-cicd.Jenkinsfile	sidd-harth/apigee-cicd	41	3972	declarative_invalid	groovy_compile_failure	compile_or_model_failure	511.736	False	False	parsed	5	10	rejected	10	E_UNSUPPORTED_TOOLS,E_UNKNOWN_STEP
esign-consulting_logistics.Jenkinsfile	esign-consulting/logistics	4	3898	not_declarative_pipeline	compiled_waiting_for_agent	compiled_waiting_for_agent	1160.052	True	True	parsed	14	15	rejected	1	E_UNSUPPORTED_SCRIPTED_PIPELINE,E_NO_PIPELINE
jenkins-infra_jenkins.io.Jenkinsfile	jenkins-infra/jenkins.io	429	3884	not_declarative_pipeline	compiled_waiting_for_agent	compiled_waiting_for_agent	708.996	True	True	parsed	7	8	rejected	1	E_UNSUPPORTED_SCRIPTED_PIPELINE,E_NO_PIPELINE
TomCzHen_jenkins-android-sample.Jenkinsfile	TomCzHen/jenkins-android-sample	16	3825	declarative_valid	compiled_waiting_for_agent	compiled_waiting_for_agent	917.506	True	True	parsed	6	6	rejected	10	E_UNSUPPORTED_OPTION,E_UNSUPPORTED_CREDENTIALS,E_UNKNOWN_STEP,E_UNSUPPORTED_ARTIFACT_STEP
alexguzun_jenkins-pipeline-gitflow-maven.Jenkinsfile	alexguzun/jenkins-pipeline-gitflow-maven	49	3634	not_declarative_pipeline	compiled_waiting_for_agent	compiled_waiting_for_agent	564.127	True	True	parsed	7	10	rejected	1	E_UNSUPPORTED_SCRIPTED_PIPELINE,E_NO_PIPELINE
fatimajamali81_jenkins-iis-cicd-pipeline.Jenkinsfile	fatimajamali81/jenkins-iis-cicd-pipeline	4	3576	declarative_valid	compiled_waiting_for_agent	compiled_waiting_for_agent	1236.12	True	True	parsed	9	13	rejected	20	E_UNSUPPORTED_CREDENTIALS,E_UNKNOWN_STEP
SumitM01_CI-CD-for-Docker-Kubernetes-using-Jenkins.Jenkinsfile	SumitM01/CI-CD-for-Docker-Kubernetes-using-Jenkins	11	3561	declarative_invalid	groovy_compile_failure	compile_or_model_failure	351.785	False	False	empty	0	0	rejected	0	E_PARSE
krasi-georgiev_cd-demo.Jenkinsfile	krasi-georgiev/cd-demo	72	3179	not_declarative_pipeline	compiled_waiting_for_agent	compiled_waiting_for_agent	779.192	True	True	parsed	6	3	rejected	1	E_UNSUPPORTED_SCRIPTED_PIPELINE,E_NO_PIPELINE
murphysecurity_murphysec-jenkins-tools.Jenkinsfile	murphysecurity/murphysec-jenkins-tools	6	3030	declarative_valid	compiled_waiting_for_agent	compiled_waiting_for_agent	1339.485	True	True	parsed	5	5	rejected	3	E_UNSUPPORTED_OPTION,E_UNSUPPORTED_CREDENTIALS
macg33zr_pipelineUnit.Jenkinsfile	macg33zr/pipelineUnit	147	2976	declarative_valid	compiled_waiting_for_agent	compiled_waiting_for_agent	1336.443	True	True	parsed	3	4	rejected	6	E_UNSUPPORTED_TRIGGERS,E_UNSUPPORTED_OPTION,E_UNSUPPORTED_CHECKOUT,E_UNSUPPORTED_CONDITION,E_UNSUPPORTED_REPORT_STEP
RitheeshBaradwaj_JenkinsPipeline.Jenkinsfile	RitheeshBaradwaj/JenkinsPipeline	21	2952	declarative_valid	compiled_waiting_for_agent	compiled_waiting_for_agent	1234.066	True	True	parsed	6	16	rejected	9	E_UNKNOWN_STEP,E_UNSUPPORTED_ARTIFACT_STEP,E_UNSUPPORTED_REPORT_STEP
jjasghar_jenkinsfile_cookbook_pipeline.Jenkinsfile	jjasghar/jenkinsfile_cookbook_pipeline	36	2916	declarative_valid	compiled_waiting_for_agent	compiled_waiting_for_agent	1527.631	True	True	parsed	8	8	rejected	3	E_UNSUPPORTED_AGENT,E_UNSUPPORTED_TRIGGERS,E_UNSUPPORTED_CONDITION
mmelmesary_Automated-DevOps-Project.Jenkinsfile	mmelmesary/Automated-DevOps-Project	6	2819	declarative_valid	compiled_waiting_for_agent	compiled_waiting_for_agent	884.371	True	True	parsed	2	2	accepted	0	
ORCID_ORCID-Source.Jenkinsfile	ORCID/ORCID-Source	583	2782	not_declarative_pipeline	compiled_waiting_for_agent	compiled_waiting_for_agent	903.289	True	True	parsed	3	1	rejected	1	E_UNSUPPORTED_SCRIPTED_PIPELINE,E_NO_PIPELINE
hungbang_spring-boot-aws-docdb-example.Jenkinsfile	hungbang/spring-boot-aws-docdb-example	4	2753	declarative_invalid	groovy_compile_failure	compile_or_model_failure	461.649	False	False	parsed	5	5	rejected	6	E_UNSUPPORTED_TOOLS,E_UNSUPPORTED_CONDITION,E_UNKNOWN_STEP
ljpengelen_jenkinsfile.Jenkinsfile	ljpengelen/jenkinsfile	5	2716	declarative_valid	compiled_waiting_for_agent	compiled_waiting_for_agent	1775.483	True	True	parsed	5	12	rejected	9	E_UNSUPPORTED_AGENT,E_UNSUPPORTED_TRIGGERS,E_UNSUPPORTED_OPTION,E_UNSUPPORTED_CONDITION
cloudogu_ces-build-lib.Jenkinsfile	cloudogu/ces-build-lib	79	2683	not_declarative_pipeline	compiled_waiting_for_agent	compiled_waiting_for_agent	1306.575	True	True	parsed	4	9	rejected	1	E_UNSUPPORTED_SCRIPTED_PIPELINE,E_NO_PIPELINE
holdennguyen_cicd-pipeline-java-webapp.Jenkinsfile	holdennguyen/cicd-pipeline-java-webapp	25	2587	declarative_invalid	groovy_compile_failure	compile_or_model_failure	453.64	False	False	parsed	5	9	rejected	2	E_UNSUPPORTED_TOOLS,E_UNKNOWN_STEP
clintmod_unit-testing-jenkinsfile.Jenkinsfile	clintmod/unit-testing-jenkinsfile	9	2575	not_declarative_pipeline	compiled_waiting_for_agent	compiled_waiting_for_agent	784.288	True	True	empty	0	0	rejected	1	E_UNSUPPORTED_SCRIPTED_PIPELINE,E_NO_PIPELINE
jenkinsci_jenkinsfile-runner.Jenkinsfile	jenkinsci/jenkinsfile-runner	1203	2524	not_declarative_pipeline	compiled_waiting_for_agent	compiled_waiting_for_agent	911.319	True	True	parsed	3	3	rejected	1	E_UNSUPPORTED_SCRIPTED_PIPELINE,E_NO_PIPELINE
camiloribeiro_cdeasy.Jenkinsfile	camiloribeiro/cdeasy	144	2463	not_declarative_pipeline	compiled_waiting_for_agent	compiled_waiting_for_agent	601.939	True	True	empty	0	0	rejected	1	E_UNSUPPORTED_SCRIPTED_PIPELINE,E_NO_PIPELINE
Jotschi_maven-release-workflow-test.Jenkinsfile	Jotschi/maven-release-workflow-test	27	2449	not_declarative_pipeline	compiled_waiting_for_agent	compiled_waiting_for_agent	949.992	True	True	parsed	5	7	rejected	1	E_UNSUPPORTED_SCRIPTED_PIPELINE,E_NO_PIPELINE
metersphere_jenkins-plugin.Jenkinsfile	metersphere/jenkins-plugin	223	2342	declarative_valid	compiled_waiting_for_agent	compiled_waiting_for_agent	1203.129	True	True	parsed	3	3	rejected	5	E_UNSUPPORTED_OPTION,E_UNKNOWN_STEP,E_UNSUPPORTED_ARTIFACT_STEP,E_UNSUPPORTED_CONDITION,E_UNSUPPORTED_CREDENTIALS
linuxacademy_cicd-pipeline-train-schedule-autodeploy.Jenkinsfile	linuxacademy/cicd-pipeline-train-schedule-autodeploy	34	2340	declarative_valid	compiled_waiting_for_agent	compiled_waiting_for_agent	1135.926	True	True	parsed	5	10	rejected	7	E_UNSUPPORTED_ARTIFACT_STEP,E_UNKNOWN_STEP
zhangjian-ai_AutomationTestPlat.Jenkinsfile	zhangjian-ai/AutomationTestPlat	5	2293	declarative_valid	compiled_waiting_for_agent	compiled_waiting_for_agent	830.835	True	True	parsed	4	8	rejected	1	E_UNSUPPORTED_RESULT_STEP,E_UNSUPPORTED_OPTION
HariSekhon_DevOps-Bash-tools.Jenkinsfile	HariSekhon/DevOps-Bash-tools	8353	2269	declarative_valid	compiled_waiting_for_agent	compiled_waiting_for_agent	977.555	True	True	parsed	3	7	rejected	5	E_UNSUPPORTED_TRIGGERS,E_UNSUPPORTED_OPTION,E_UNSUPPORTED_CHECKOUT
HariSekhon_Nagios-Plugins.Jenkinsfile	HariSekhon/Nagios-Plugins	1149	2263	declarative_valid	compiled_waiting_for_agent	compiled_waiting_for_agent	915.465	True	True	parsed	3	7	rejected	5	E_UNSUPPORTED_TRIGGERS,E_UNSUPPORTED_OPTION,E_UNSUPPORTED_CHECKOUT
rosineygp_mkdkr.Jenkinsfile	rosineygp/mkdkr	382	2180	declarative_valid	compiled_waiting_for_agent	compiled_waiting_for_agent	1135.726	True	True	parsed	4	1	accepted	0	
tomasbjerre_bitbucket-server-jenkins-release-tags.Jenkinsfile	tomasbjerre/bitbucket-server-jenkins-release-tags	9	2106	not_declarative_pipeline	compiled_waiting_for_agent	compiled_waiting_for_agent	939.811	True	True	parsed	4	5	rejected	1	E_UNSUPPORTED_SCRIPTED_PIPELINE,E_NO_PIPELINE
eggsy84_gcp-spring-boot-app.Jenkinsfile	eggsy84/gcp-spring-boot-app	6	2083	not_declarative_pipeline	runtime_failure	missing_cloud_configuration	454.0	True	False	parsed	8	13	rejected	1	E_UNSUPPORTED_SCRIPTED_PIPELINE,E_NO_PIPELINE
saidsef_jenkins-pipeline-examples.Jenkinsfile	saidsef/jenkins-pipeline-examples	4	2069	not_declarative_pipeline	compiled_waiting_for_agent	compiled_waiting_for_agent	1312.386	True	True	parsed	4	7	rejected	1	E_UNSUPPORTED_SCRIPTED_PIPELINE,E_NO_PIPELINE
jenkins-zh_jenkins-cli.Jenkinsfile	jenkins-zh/jenkins-cli	425	2032	declarative_valid	runtime_failure	offline_scm_dependency	517.118	True	False	parsed	3	2	rejected	1	E_UNSUPPORTED_REPORT_STEP
bmustiata_jenny.Jenkinsfile	bmustiata/jenny	90	2013	not_declarative_pipeline	compiled_waiting_for_agent	compiled_waiting_for_agent	1091.962	True	True	parsed	2	2	rejected	1	E_UNSUPPORTED_SCRIPTED_PIPELINE,E_NO_PIPELINE
wanghaoxi3000_advproject.Jenkinsfile	wanghaoxi3000/advproject	8	1982	declarative_valid	compiled_waiting_for_agent	compiled_waiting_for_agent	1904.142	True	True	parsed	3	4	rejected	4	E_UNSUPPORTED_OPTION,E_UNSUPPORTED_AGENT,E_UNSUPPORTED_CREDENTIALS
hakdogan_jenkins-pipeline.Jenkinsfile	hakdogan/jenkins-pipeline	102	1971	not_declarative_pipeline	compiled_waiting_for_agent	compiled_waiting_for_agent	687.716	True	True	parsed	8	6	rejected	1	E_UNSUPPORTED_SCRIPTED_PIPELINE,E_NO_PIPELINE
vineet68sharma_CI-CD-Docker.Jenkinsfile	vineet68sharma/CI-CD-Docker	26	1967	not_declarative_pipeline	compiled_waiting_for_agent	compiled_waiting_for_agent	952.163	True	True	parsed	8	6	rejected	1	E_UNSUPPORTED_SCRIPTED_PIPELINE,E_NO_PIPELINE
AmanPathak-DevOps_EKS-Terraform-GitHub-Actions.Jenkinsfile	AmanPathak-DevOps/EKS-Terraform-GitHub-Actions	154	1929	declarative_valid	compiled_waiting_for_agent	compiled_waiting_for_agent	930.445	True	True	parsed	5	5	rejected	4	E_UNKNOWN_STEP
msfidelis_jenkins-ecs-slaves.Jenkinsfile	msfidelis/jenkins-ecs-slaves	17	1830	declarative_valid	compiled_waiting_for_agent	compiled_waiting_for_agent	829.079	True	True	parsed	7	11	accepted	0	
Ableton_python-pipeline-utils.Jenkinsfile	Ableton/python-pipeline-utils	32	1781	not_declarative_pipeline	runtime_failure	missing_shared_library	763.263	True	False	empty	0	0	rejected	1	E_SHARED_LIBRARY_ENTRYPOINT_UNSUPPORTED,E_NO_PIPELINE
narasimhavuppala_jenkins-calculator.Jenkinsfile	narasimhavuppala/jenkins-calculator	4	1709	declarative_invalid	groovy_compile_failure	compile_or_model_failure	537.996	False	False	parsed	5	7	rejected	5	E_UNSUPPORTED_TRIGGERS,E_UNSUPPORTED_TOOLS,E_UNSUPPORTED_CHECKOUT,E_UNKNOWN_STEP
mercedes-benz_pipeliner.Jenkinsfile	mercedes-benz/pipeliner	19	1697	not_declarative_pipeline	compiled_waiting_for_agent	compiled_waiting_for_agent	773.912	True	True	parsed	4	7	rejected	1	E_UNSUPPORTED_SCRIPTED_PIPELINE,E_NO_PIPELINE
Ben1980_jenkinsexample.Jenkinsfile	Ben1980/jenkinsexample	21	1676	declarative_valid	compiled_waiting_for_agent	compiled_waiting_for_agent	977.216	True	True	parsed	4	6	rejected	19	E_UNSUPPORTED_PARAMETERS,E_UNSUPPORTED_OPTION,E_UNKNOWN_STEP
captjt_jenkins-pipeline-express.Jenkinsfile	captjt/jenkins-pipeline-express	7	1668	not_declarative_pipeline	compiled_waiting_for_agent	compiled_waiting_for_agent	991.823	True	True	parsed	11	21	rejected	1	E_UNSUPPORTED_SCRIPTED_PIPELINE,E_NO_PIPELINE
microsoft_movie-db-java-on-azure.Jenkinsfile	microsoft/movie-db-java-on-azure	34	1663	not_declarative_pipeline	compiled_waiting_for_agent	compiled_waiting_for_agent	1494.511	True	True	parsed	6	11	rejected	1	E_UNSUPPORTED_SCRIPTED_PIPELINE,E_NO_PIPELINE
linuxacademy_cicd-pipeline-train-schedule-canary.Jenkinsfile	linuxacademy/cicd-pipeline-train-schedule-canary	24	1617	declarative_valid	compiled_waiting_for_agent	compiled_waiting_for_agent	709.147	True	True	parsed	4	8	rejected	5	E_UNSUPPORTED_ARTIFACT_STEP,E_UNKNOWN_STEP
cloudogu_gitops-build-lib.Jenkinsfile	cloudogu/gitops-build-lib	34	1549	not_declarative_pipeline	groovy_compile_failure	compile_or_model_failure	513.195	False	False	parsed	3	4	rejected	2	E_SHARED_LIBRARY_UNSUPPORTED,E_UNSUPPORTED_SCRIPTED_PIPELINE,E_NO_PIPELINE
jenkinsci_jenkinsfile-runner-test-framework.Jenkinsfile	jenkinsci/jenkinsfile-runner-test-framework	12	1535	not_declarative_pipeline	compiled_waiting_for_agent	compiled_waiting_for_agent	1124.831	True	True	parsed	3	4	rejected	1	E_UNSUPPORTED_SCRIPTED_PIPELINE,E_NO_PIPELINE
juvalen_mb-checker.Jenkinsfile	juvalen/mb-checker	12	1468	declarative_valid	compiled_waiting_for_agent	compiled_waiting_for_agent	1400.385	True	True	parsed	4	9	rejected	2	E_UNSUPPORTED_CREDENTIALS,E_UNKNOWN_STEP
linuxacademy_cicd-pipeline-train-schedule-kubernetes.Jenkinsfile	linuxacademy/cicd-pipeline-train-schedule-kubernetes	31	1465	declarative_valid	compiled_waiting_for_agent	compiled_waiting_for_agent	784.873	True	True	parsed	4	7	rejected	3	E_UNSUPPORTED_ARTIFACT_STEP,E_UNKNOWN_STEP
everflux_angular-jenkinsfile.Jenkinsfile	everflux/angular-jenkinsfile	12	1438	not_declarative_pipeline	compiled_waiting_for_agent	compiled_waiting_for_agent	786.705	True	True	parsed	7	12	rejected	1	E_UNSUPPORTED_SCRIPTED_PIPELINE,E_NO_PIPELINE
kesselborn_jenkinsfile.Jenkinsfile	kesselborn/jenkinsfile	12	1433	not_declarative_pipeline	compiled_waiting_for_agent	compiled_waiting_for_agent	745.943	True	True	empty	0	0	rejected	1	E_UNSUPPORTED_SCRIPTED_PIPELINE,E_NO_PIPELINE
nikoly_selenium-grid-docker.Jenkinsfile	nikoly/selenium-grid-docker	24	1381	declarative_invalid	groovy_compile_failure	compile_or_model_failure	618.752	False	False	parsed	3	2	rejected	3	E_UNSUPPORTED_CHECKOUT,E_UNKNOWN_STEP
adamrushuk_powershell-pipeline.Jenkinsfile	adamrushuk/powershell-pipeline	6	1379	declarative_valid	runtime_failure	missing_cloud_configuration	764.194	True	False	parsed	1	1	rejected	17	E_UNSUPPORTED_PARAMETERS,E_UNSUPPORTED_AGENT,E_UNSUPPORTED_OPTION,E_UNSUPPORTED_ARTIFACT_STEP,E_UNSUPPORTED_REPORT_STEP
aiwithqasim_Capstone-Project-Devops.Jenkinsfile	aiwithqasim/Capstone-Project-Devops	17	1376	declarative_valid	compiled_waiting_for_agent	compiled_waiting_for_agent	555.56	True	True	parsed	4	6	rejected	1	E_UNSUPPORTED_CREDENTIALS
kitconcept_jenkins-pipeline-examples.Jenkinsfile	kitconcept/jenkins-pipeline-examples	210	1343	declarative_valid	compiled_waiting_for_agent	compiled_waiting_for_agent	802.023	True	True	parsed	4	11	rejected	4	E_UNSUPPORTED_CHECKOUT
netcorebcn_quiz.Jenkinsfile	netcorebcn/quiz	124	1332	declarative_valid	compiled_waiting_for_agent	compiled_waiting_for_agent	1256.828	True	True	parsed	4	6	rejected	3	E_UNSUPPORTED_CONDITION,E_UNKNOWN_STEP
ishrivatsa_terraform-vault-jenkins.Jenkinsfile	ishrivatsa/terraform-vault-jenkins	8	1290	declarative_valid	compiled_waiting_for_agent	compiled_waiting_for_agent	777.62	True	True	parsed	3	12	rejected	2	E_UNKNOWN_STEP,E_UNSUPPORTED_CREDENTIALS
arun-gupta_docker-jenkins-pipeline.Jenkinsfile	arun-gupta/docker-jenkins-pipeline	80	1274	not_declarative_pipeline	compiled_waiting_for_agent	compiled_waiting_for_agent	553.916	True	True	parsed	4	2	rejected	1	E_UNSUPPORTED_SCRIPTED_PIPELINE,E_NO_PIPELINE
narottamgla_selenium-bdd-cucumber.Jenkinsfile	narottamgla/selenium-bdd-cucumber	17	1202	declarative_valid	compiled_waiting_for_agent	compiled_waiting_for_agent	927.622	True	True	parsed	5	5	rejected	5	E_UNKNOWN_STEP
maajor_Blender-Geometry-CI.Jenkinsfile	maajor/Blender-Geometry-CI	8	1199	declarative_valid	compiled_waiting_for_agent	compiled_waiting_for_agent	787.875	True	True	parsed	4	5	accepted	0	
Rapter1990_springbootmicroservicedailybuffer.Jenkinsfile	Rapter1990/springbootmicroservicedailybuffer	70	1196	declarative_invalid	groovy_compile_failure	compile_or_model_failure	350.797	False	False	parsed	1	12	rejected	1	E_UNSUPPORTED_TOOLS
BBVA_mirrorgate.Jenkinsfile	BBVA/mirrorgate	128	1181	not_declarative_pipeline	compiled_waiting_for_agent	compiled_waiting_for_agent	553.849	True	True	parsed	1	1	rejected	1	E_UNSUPPORTED_SCRIPTED_PIPELINE,E_NO_PIPELINE
executeautomation_JenkinsPipeline.Jenkinsfile	executeautomation/JenkinsPipeline	9	1152	declarative_valid	compiled_waiting_for_agent	compiled_waiting_for_agent	1242.795	True	True	parsed	2	0	accepted	0	
Terradue_DotNet4One.Jenkinsfile	Terradue/DotNet4One	6	1149	declarative_valid	compiled_waiting_for_agent	compiled_waiting_for_agent	928.929	True	True	parsed	4	8	rejected	1	E_UNSUPPORTED_CREDENTIALS
releaseworks_hellonode.Jenkinsfile	releaseworks/hellonode	54	1033	not_declarative_pipeline	compiled_waiting_for_agent	compiled_waiting_for_agent	909.804	True	True	parsed	4	3	rejected	1	E_UNSUPPORTED_SCRIPTED_PIPELINE,E_NO_PIPELINE
saidsef_alpine-jenkins-dockerfile.Jenkinsfile	saidsef/alpine-jenkins-dockerfile	8	1021	declarative_valid	compiled_waiting_for_agent	compiled_waiting_for_agent	914.542	True	True	parsed	2	3	rejected	3	E_UNSUPPORTED_OPTION,E_UNSUPPORTED_CHECKOUT
Chabane_mitosis-microservice-spark-cassandra.Jenkinsfile	Chabane/mitosis-microservice-spark-cassandra	5	984	not_declarative_pipeline	compiled_waiting_for_agent	compiled_waiting_for_agent	922.684	True	True	parsed	3	4	rejected	1	E_UNSUPPORTED_SCRIPTED_PIPELINE,E_NO_PIPELINE
SumanReddy568_Selenium-Python-Pytest-framework.Jenkinsfile	SumanReddy568/Selenium-Python-Pytest-framework	9	979	declarative_valid	compiled_waiting_for_agent	compiled_waiting_for_agent	949.183	True	True	parsed	4	5	rejected	2	E_UNKNOWN_STEP,E_UNSUPPORTED_REPORT_STEP
kishorebhatia_pipeline-as-code-demo.Jenkinsfile	kishorebhatia/pipeline-as-code-demo	76	955	not_declarative_pipeline	compiled_waiting_for_agent	compiled_waiting_for_agent	778.601	True	True	empty	0	0	rejected	1	E_UNSUPPORTED_SCRIPTED_PIPELINE,E_NO_PIPELINE
Primus19_jenkins-pipeline-deploy-to-eks.Jenkinsfile	Primus19/jenkins-pipeline-deploy-to-eks	33	949	declarative_valid	compiled_waiting_for_agent	compiled_waiting_for_agent	971.095	True	True	parsed	2	2	rejected	2	E_UNSUPPORTED_CREDENTIALS
evry-ace_jenkins-ace-library.Jenkinsfile	evry-ace/jenkins-ace-library	7	945	not_declarative_pipeline	groovy_compile_failure	compile_or_model_failure	513.105	False	False	parsed	2	3	rejected	1	E_SHARED_LIBRARY_ENTRYPOINT_UNSUPPORTED,E_NO_PIPELINE
allcloud-io_jenkins-pipeline-tutorial.Jenkinsfile	allcloud-io/jenkins-pipeline-tutorial	29	942	declarative_valid	compiled_waiting_for_agent	compiled_waiting_for_agent	942.323	True	True	parsed	1	1	accepted	0	
wildec2_java-selenium-framework.Jenkinsfile	wildec2/java-selenium-framework	5	903	declarative_valid	compiled_waiting_for_agent	compiled_waiting_for_agent	977.446	True	True	parsed	2	4	rejected	3	E_UNSUPPORTED_OPTION,E_UNSUPPORTED_CHECKOUT,E_UNKNOWN_STEP
shazforiot_Jenkins-integration-with-kubernetes.Jenkinsfile	shazforiot/Jenkins-integration-with-kubernetes	44	884	declarative_valid	compiled_waiting_for_agent	compiled_waiting_for_agent	944.051	True	True	parsed	4	4	rejected	1	E_UNKNOWN_STEP
fabric8io_fabric8-platform.Jenkinsfile	fabric8io/fabric8-platform	104	801	not_declarative_pipeline	groovy_compile_failure	compile_or_model_failure	450.827	False	False	parsed	3	2	rejected	0	E_PARSE
ahmedmourshedi_Automation-Testing-of-ECommerce-WebsiteUsingSelenium.Jenkinsfile	ahmedmourshedi/Automation-Testing-of-ECommerce-WebsiteUsingSelenium	11	799	not_declarative_pipeline	compiled_waiting_for_agent	compiled_waiting_for_agent	547.1	True	True	parsed	3	4	rejected	1	E_UNSUPPORTED_SCRIPTED_PIPELINE,E_NO_PIPELINE
choiis_Cpp-IOCP-Server.Jenkinsfile	choiis/Cpp-IOCP-Server	12	799	declarative_invalid	groovy_compile_failure	compile_or_model_failure	405.159	False	False	parsed	4	6	rejected	1	E_UNSUPPORTED_TRIGGERS
jenkinsci_code-coverage-api-plugin.Jenkinsfile	jenkinsci/code-coverage-api-plugin	115	752	not_declarative_pipeline	missing_step_or_plugin	missing_step_or_plugin	624.333	True	False	empty	0	0	rejected	1	E_SHARED_LIBRARY_ENTRYPOINT_UNSUPPORTED,E_NO_PIPELINE
jalogut_jenkinsfile-basic-sample.Jenkinsfile	jalogut/jenkinsfile-basic-sample	28	746	not_declarative_pipeline	compiled_waiting_for_agent	compiled_waiting_for_agent	793.301	True	True	parsed	4	4	rejected	1	E_UNSUPPORTED_SCRIPTED_PIPELINE,E_NO_PIPELINE
vinsguru_docker-selenium-jenkinsfile.Jenkinsfile	vinsguru/docker-selenium-jenkinsfile	11	713	declarative_valid	runtime_failure	declarative_agent_value_failure	619.055	True	False	parsed	3	3	accepted	0	
DeekshithSN_Jenkinsfile.Jenkinsfile	DeekshithSN/Jenkinsfile	10	697	declarative_valid	compiled_waiting_for_agent	compiled_waiting_for_agent	977.22	True	True	parsed	1	2	accepted	0	
jussaragranja_SeleniumEasyTest2.Jenkinsfile	jussaragranja/SeleniumEasyTest2	15	692	not_declarative_pipeline	compiled_waiting_for_agent	compiled_waiting_for_agent	871.633	True	True	parsed	3	3	rejected	1	E_UNSUPPORTED_SCRIPTED_PIPELINE,E_NO_PIPELINE
jenkinsci_performance-plugin.Jenkinsfile	jenkinsci/performance-plugin	194	665	not_declarative_pipeline	compiled_waiting_for_agent	compiled_waiting_for_agent	734.273	True	True	parsed	3	4	rejected	1	E_UNSUPPORTED_SCRIPTED_PIPELINE,E_NO_PIPELINE
kenych_jenkins_config_as_code.Jenkinsfile	kenych/jenkins_config_as_code	28	658	not_declarative_pipeline	compiled_waiting_for_agent	compiled_waiting_for_agent	1308.45	True	True	parsed	4	4	rejected	1	E_UNSUPPORTED_SCRIPTED_PIPELINE,E_NO_PIPELINE
prashantgohel321_DevOps-Project-Two-Tier-Flask-App.Jenkinsfile	prashantgohel321/DevOps-Project-Two-Tier-Flask-App	220	652	declarative_valid	compiled_waiting_for_agent	compiled_waiting_for_agent	833.958	True	True	parsed	3	4	rejected	1	E_UNKNOWN_STEP
mjuuso_provisioning_example.Jenkinsfile	mjuuso/provisioning_example	24	636	declarative_invalid	groovy_compile_failure	compile_or_model_failure	529.541	False	False	empty	0	0	rejected	1	E_UNSUPPORTED_SCRIPTED_PIPELINE,E_NO_PIPELINE
TechPrimers_jenkins-example.Jenkinsfile	TechPrimers/jenkins-example	86	608	declarative_valid	compiled_waiting_for_agent	compiled_waiting_for_agent	542.209	True	True	parsed	3	3	rejected	3	E_UNKNOWN_STEP
jenkinsci_ci.jenkins.io-runner.Jenkinsfile	jenkinsci/ci.jenkins.io-runner	36	576	not_declarative_pipeline	compiled_waiting_for_agent	compiled_waiting_for_agent	1119.168	True	True	parsed	5	6	rejected	1	E_UNSUPPORTED_SCRIPTED_PIPELINE,E_NO_PIPELINE
jenkinsci_tekton-client-plugin.Jenkinsfile	jenkinsci/tekton-client-plugin	44	555	not_declarative_pipeline	missing_step_or_plugin	missing_step_or_plugin	492.845	True	False	empty	0	0	rejected	1	E_SHARED_LIBRARY_ENTRYPOINT_UNSUPPORTED,E_NO_PIPELINE
TTFHW_jenkins_pipeline_java_maven.Jenkinsfile	TTFHW/jenkins_pipeline_java_maven	11	554	not_declarative_pipeline	compiled_waiting_for_agent	compiled_waiting_for_agent	537.244	True	True	empty	0	0	rejected	1	E_UNSUPPORTED_SCRIPTED_PIPELINE,E_NO_PIPELINE
buildit_jenkins-pipeline-libraries.Jenkinsfile	buildit/jenkins-pipeline-libraries	82	546	declarative_invalid	groovy_compile_failure	compile_or_model_failure	372.71	False	False	parsed	2	2	rejected	6	E_UNSUPPORTED_TRIGGERS,E_UNSUPPORTED_TOOLS,E_UNSUPPORTED_OPTION,E_UNSUPPORTED_REPORT_STEP
liatrio_pipeline-library.Jenkinsfile	liatrio/pipeline-library	22	543	declarative_valid	compiled_waiting_for_agent	compiled_waiting_for_agent	1343.458	True	True	parsed	1	1	rejected	2	E_UNSUPPORTED_AGENT,E_UNKNOWN_STEP
jenkinsci_plugin-installation-manager-tool.Jenkinsfile	jenkinsci/plugin-installation-manager-tool	459	527	not_declarative_pipeline	missing_step_or_plugin	missing_step_or_plugin	616.675	True	False	empty	0	0	rejected	1	E_SHARED_LIBRARY_ENTRYPOINT_UNSUPPORTED,E_NO_PIPELINE
shipping-docker_simple-jerkins.Jenkinsfile	shipping-docker/simple-jerkins	4	514	not_declarative_pipeline	compiled_waiting_for_agent	compiled_waiting_for_agent	888.527	True	True	parsed	3	6	rejected	1	E_UNSUPPORTED_SCRIPTED_PIPELINE,E_NO_PIPELINE
yashpimple_Jenkins-CI-CD-with-GitHub-Integration.Jenkinsfile	yashpimple/Jenkins-CI-CD-with-GitHub-Integration	34	512	declarative_invalid	groovy_compile_failure	compile_or_model_failure	521.296	False	False	empty	0	0	rejected	3	E_UNKNOWN_STEP
mraible_ng-demo.Jenkinsfile	mraible/ng-demo	185	503	not_declarative_pipeline	compiled_waiting_for_agent	compiled_waiting_for_agent	849.503	True	True	parsed	5	7	rejected	1	E_UNSUPPORTED_SCRIPTED_PIPELINE,E_NO_PIPELINE
jenkinsci_hubot-steps-plugin.Jenkinsfile	jenkinsci/hubot-steps-plugin	59	484	not_declarative_pipeline	missing_step_or_plugin	missing_step_or_plugin	513.94	True	False	empty	0	0	rejected	1	E_SHARED_LIBRARY_ENTRYPOINT_UNSUPPORTED,E_NO_PIPELINE
jenkinsci_jira-plugin.Jenkinsfile	jenkinsci/jira-plugin	174	484	not_declarative_pipeline	missing_step_or_plugin	missing_step_or_plugin	512.342	True	False	empty	0	0	rejected	1	E_SHARED_LIBRARY_ENTRYPOINT_UNSUPPORTED,E_NO_PIPELINE
jenkinsci_pipeline-as-yaml-plugin.Jenkinsfile	jenkinsci/pipeline-as-yaml-plugin	150	484	not_declarative_pipeline	missing_step_or_plugin	missing_step_or_plugin	453.621	True	False	empty	0	0	rejected	1	E_SHARED_LIBRARY_ENTRYPOINT_UNSUPPORTED,E_NO_PIPELINE
jenkinsci_remote-file-plugin.Jenkinsfile	jenkinsci/remote-file-plugin	57	484	not_declarative_pipeline	missing_step_or_plugin	missing_step_or_plugin	512.525	True	False	empty	0	0	rejected	1	E_SHARED_LIBRARY_ENTRYPOINT_UNSUPPORTED,E_NO_PIPELINE
jenkinsci_subversion-plugin.Jenkinsfile	jenkinsci/subversion-plugin	131	484	not_declarative_pipeline	missing_step_or_plugin	missing_step_or_plugin	590.283	True	False	empty	0	0	rejected	1	E_SHARED_LIBRARY_ENTRYPOINT_UNSUPPORTED,E_NO_PIPELINE
jenkinsci_bitbucket-push-and-pull-request-plugin.Jenkinsfile	jenkinsci/bitbucket-push-and-pull-request-plugin	50	483	not_declarative_pipeline	missing_step_or_plugin	missing_step_or_plugin	651.485	True	False	empty	0	0	rejected	1	E_SHARED_LIBRARY_ENTRYPOINT_UNSUPPORTED,E_NO_PIPELINE
tknerr_jenkins-pipes-helloworld.Jenkinsfile	tknerr/jenkins-pipes-helloworld	10	468	not_declarative_pipeline	compiled_waiting_for_agent	compiled_waiting_for_agent	778.953	True	True	parsed	7	7	rejected	1	E_UNSUPPORTED_SCRIPTED_PIPELINE,E_NO_PIPELINE
devops-ws_learn-pipeline-java.Jenkinsfile	devops-ws/learn-pipeline-java	19	466	declarative_valid	compiled_waiting_for_agent	compiled_waiting_for_agent	1238.855	True	True	parsed	3	6	rejected	2	E_UNSUPPORTED_ARTIFACT_STEP
jenkinsci_jenkins-test-harness.Jenkinsfile	jenkinsci/jenkins-test-harness	116	458	not_declarative_pipeline	missing_step_or_plugin	missing_step_or_plugin	514.619	True	False	empty	0	0	rejected	1	E_SHARED_LIBRARY_ENTRYPOINT_UNSUPPORTED,E_NO_PIPELINE
jenkinsci_pipeline-cloudwatch-logs-plugin.Jenkinsfile	jenkinsci/pipeline-cloudwatch-logs-plugin	19	448	not_declarative_pipeline	missing_step_or_plugin	missing_step_or_plugin	514.703	True	False	empty	0	0	rejected	1	E_SHARED_LIBRARY_ENTRYPOINT_UNSUPPORTED,E_NO_PIPELINE
charlires_golang-docker-jenkins.Jenkinsfile	charlires/golang-docker-jenkins	21	439	declarative_valid	compiled_waiting_for_agent	compiled_waiting_for_agent	610.452	True	True	parsed	3	6	rejected	1	E_UNSUPPORTED_REPORT_STEP
jenkinsci_warnings-ng-plugin.Jenkinsfile	jenkinsci/warnings-ng-plugin	349	412	not_declarative_pipeline	missing_step_or_plugin	missing_step_or_plugin	466.049	True	False	empty	0	0	rejected	1	E_SHARED_LIBRARY_ENTRYPOINT_UNSUPPORTED,E_NO_PIPELINE
jenkins-infra_pipeline-library.Jenkinsfile	jenkins-infra/pipeline-library	311	407	declarative_valid	compiled_waiting_for_agent	compiled_waiting_for_agent	777.051	True	True	parsed	1	1	rejected	3	E_UNSUPPORTED_OPTION,E_UNSUPPORTED_REPORT_STEP
jenkinsci_remoting.Jenkinsfile	jenkinsci/remoting	260	405	not_declarative_pipeline	missing_step_or_plugin	missing_step_or_plugin	557.873	True	False	empty	0	0	rejected	1	E_SHARED_LIBRARY_ENTRYPOINT_UNSUPPORTED,E_NO_PIPELINE
jenkinsci_github-pr-comment-build-plugin.Jenkinsfile	jenkinsci/github-pr-comment-build-plugin	25	398	not_declarative_pipeline	missing_step_or_plugin	missing_step_or_plugin	394.566	True	False	empty	0	0	rejected	1	E_SHARED_LIBRARY_ENTRYPOINT_UNSUPPORTED,E_NO_PIPELINE
jenkins-infra_update-center2.Jenkinsfile	jenkins-infra/update-center2	139	397	not_declarative_pipeline	compiled_waiting_for_agent	compiled_waiting_for_agent	785.012	True	True	parsed	3	4	rejected	1	E_UNSUPPORTED_SCRIPTED_PIPELINE,E_NO_PIPELINE
jenkinsci_badge-plugin.Jenkinsfile	jenkinsci/badge-plugin	39	391	not_declarative_pipeline	missing_step_or_plugin	missing_step_or_plugin	667.366	True	False	empty	0	0	rejected	1	E_SHARED_LIBRARY_ENTRYPOINT_UNSUPPORTED,E_NO_PIPELINE
jenkinsci_http-request-plugin.Jenkinsfile	jenkinsci/http-request-plugin	173	391	not_declarative_pipeline	missing_step_or_plugin	missing_step_or_plugin	513.864	True	False	empty	0	0	rejected	1	E_SHARED_LIBRARY_ENTRYPOINT_UNSUPPORTED,E_NO_PIPELINE
jenkinsci_plot-plugin.Jenkinsfile	jenkinsci/plot-plugin	62	391	not_declarative_pipeline	missing_step_or_plugin	missing_step_or_plugin	512.745	True	False	empty	0	0	rejected	1	E_SHARED_LIBRARY_ENTRYPOINT_UNSUPPORTED,E_NO_PIPELINE
jenkinsci_pipeline-model-definition-plugin.Jenkinsfile	jenkinsci/pipeline-model-definition-plugin	566	389	not_declarative_pipeline	missing_step_or_plugin	missing_step_or_plugin	697.12	True	False	empty	0	0	rejected	1	E_SHARED_LIBRARY_ENTRYPOINT_UNSUPPORTED,E_NO_PIPELINE
hamitmizrak_Devops_Jenkinsfile.Jenkinsfile	hamitmizrak/Devops_Jenkinsfile	3	382	declarative_valid	compiled_waiting_for_agent	compiled_waiting_for_agent	690.98	True	True	parsed	3	3	accepted	0	
jenkinsci_artifact-promotion-plugin.Jenkinsfile	jenkinsci/artifact-promotion-plugin	29	365	not_declarative_pipeline	missing_step_or_plugin	missing_step_or_plugin	784.265	True	False	empty	0	0	rejected	1	E_SHARED_LIBRARY_ENTRYPOINT_UNSUPPORTED,E_NO_PIPELINE
jenkinsci_nested-data-reporting-plugin.Jenkinsfile	jenkinsci/nested-data-reporting-plugin	9	363	not_declarative_pipeline	missing_step_or_plugin	missing_step_or_plugin	604.078	True	False	empty	0	0	rejected	1	E_SHARED_LIBRARY_ENTRYPOINT_UNSUPPORTED,E_NO_PIPELINE
llknur_jenkinsfile-pipeline-project.Jenkinsfile	llknur/jenkinsfile-pipeline-project	5	360	declarative_valid	compiled_waiting_for_agent	compiled_waiting_for_agent	921.895	True	True	parsed	2	4	accepted	0	
sixeyed_jenkins-pipeline-demos.Jenkinsfile	sixeyed/jenkins-pipeline-demos	25	360	declarative_valid	compiled_waiting_for_agent	compiled_waiting_for_agent	892.659	True	True	parsed	1	2	accepted	0	
cvitter_jenkins-pipeline-examples.Jenkinsfile	cvitter/jenkins-pipeline-examples	97	358	declarative_valid	compiled_waiting_for_agent	compiled_waiting_for_agent	840.02	True	True	parsed	1	1	accepted	0	
jenkinsci_jacoco-plugin.Jenkinsfile	jenkinsci/jacoco-plugin	147	351	not_declarative_pipeline	missing_step_or_plugin	missing_step_or_plugin	512.961	True	False	empty	0	0	rejected	1	E_SHARED_LIBRARY_ENTRYPOINT_UNSUPPORTED,E_NO_PIPELINE
fabric8io_fabric8-pipeline-library.Jenkinsfile	fabric8io/fabric8-pipeline-library	436	348	not_declarative_pipeline	groovy_compile_failure	compile_or_model_failure	470.19	False	False	empty	0	0	rejected	0	E_PARSE
jenkinsci_workflow-basic-steps-plugin.Jenkinsfile	jenkinsci/workflow-basic-steps-plugin	72	335	not_declarative_pipeline	missing_step_or_plugin	missing_step_or_plugin	518.243	True	False	empty	0	0	rejected	1	E_SHARED_LIBRARY_ENTRYPOINT_UNSUPPORTED,E_NO_PIPELINE
jenkinsci_pipeline-graph-view-plugin.Jenkinsfile	jenkinsci/pipeline-graph-view-plugin	159	317	not_declarative_pipeline	missing_step_or_plugin	missing_step_or_plugin	512.947	True	False	empty	0	0	rejected	1	E_SHARED_LIBRARY_ENTRYPOINT_UNSUPPORTED,E_NO_PIPELINE
stakater_GitWebhookProxy.Jenkinsfile	stakater/GitWebhookProxy	191	310	not_declarative_pipeline	groovy_compile_failure	compile_or_model_failure	571.818	False	False	empty	0	0	rejected	1	E_SHARED_LIBRARY_ENTRYPOINT_UNSUPPORTED,E_NO_PIPELINE
jenkinsci_docker-workflow-plugin.Jenkinsfile	jenkinsci/docker-workflow-plugin	526	301	not_declarative_pipeline	missing_step_or_plugin	missing_step_or_plugin	382.887	True	False	empty	0	0	rejected	1	E_SHARED_LIBRARY_ENTRYPOINT_UNSUPPORTED,E_NO_PIPELINE
jenkinsci_github-branch-source-plugin.Jenkinsfile	jenkinsci/github-branch-source-plugin	215	300	not_declarative_pipeline	missing_step_or_plugin	missing_step_or_plugin	392.611	True	False	empty	0	0	rejected	1	E_SHARED_LIBRARY_ENTRYPOINT_UNSUPPORTED,E_NO_PIPELINE
jenkinsci_opentelemetry-plugin.Jenkinsfile	jenkinsci/opentelemetry-plugin	124	300	not_declarative_pipeline	missing_step_or_plugin	missing_step_or_plugin	512.843	True	False	empty	0	0	rejected	1	E_SHARED_LIBRARY_ENTRYPOINT_UNSUPPORTED,E_NO_PIPELINE
jenkinsci_pipeline-github-lib-plugin.Jenkinsfile	jenkinsci/pipeline-github-lib-plugin	10	300	not_declarative_pipeline	missing_step_or_plugin	missing_step_or_plugin	512.626	True	False	empty	0	0	rejected	1	E_SHARED_LIBRARY_ENTRYPOINT_UNSUPPORTED,E_NO_PIPELINE
jenkinsci_docker-plugin.Jenkinsfile	jenkinsci/docker-plugin	500	297	not_declarative_pipeline	missing_step_or_plugin	missing_step_or_plugin	355.204	True	False	empty	0	0	rejected	1	E_SHARED_LIBRARY_ENTRYPOINT_UNSUPPORTED,E_NO_PIPELINE
jenkinsci_pipeline-maven-plugin.Jenkinsfile	jenkinsci/pipeline-maven-plugin	67	291	not_declarative_pipeline	missing_step_or_plugin	missing_step_or_plugin	731.943	True	False	empty	0	0	rejected	1	E_SHARED_LIBRARY_ENTRYPOINT_UNSUPPORTED,E_NO_PIPELINE
darinpope_jenkinsfile-library.Jenkinsfile	darinpope/jenkinsfile-library	63	280	not_declarative_pipeline	groovy_compile_failure	compile_or_model_failure	620.733	False	False	parsed	1	1	rejected	2	E_SHARED_LIBRARY_UNSUPPORTED,E_UNSUPPORTED_SCRIPTED_PIPELINE,E_NO_PIPELINE
linuxacademy_cicd-pipeline-train-schedule-cd.Jenkinsfile	linuxacademy/cicd-pipeline-train-schedule-cd	45	280	declarative_valid	compiled_waiting_for_agent	compiled_waiting_for_agent	777.311	True	True	parsed	1	3	rejected	1	E_UNSUPPORTED_ARTIFACT_STEP
linuxacademy_cicd-pipeline-train-schedule-dockerdeploy.Jenkinsfile	linuxacademy/cicd-pipeline-train-schedule-dockerdeploy	32	280	declarative_valid	compiled_waiting_for_agent	compiled_waiting_for_agent	779.264	True	True	parsed	1	3	rejected	1	E_UNSUPPORTED_ARTIFACT_STEP
ksuther_jenkins-jenkinsfile-include.Jenkinsfile	ksuther/jenkins-jenkinsfile-include	42	262	not_declarative_pipeline	compiled_waiting_for_agent	compiled_waiting_for_agent	1124.31	True	True	parsed	1	2	rejected	1	E_UNSUPPORTED_SCRIPTED_PIPELINE,E_NO_PIPELINE
TTFHW_jenkins_pipeline_shell_scripts.Jenkinsfile	TTFHW/jenkins_pipeline_shell_scripts	7	259	not_declarative_pipeline	compiled_waiting_for_agent	compiled_waiting_for_agent	583.397	True	True	empty	0	0	rejected	1	E_UNSUPPORTED_SCRIPTED_PIPELINE,E_NO_PIPELINE
jenkinsci_ssh-steps-plugin.Jenkinsfile	jenkinsci/ssh-steps-plugin	306	245	not_declarative_pipeline	missing_step_or_plugin	missing_step_or_plugin	521.405	True	False	empty	0	0	rejected	1	E_SHARED_LIBRARY_ENTRYPOINT_UNSUPPORTED,E_NO_PIPELINE
jenkinsci_simple-build-for-pipeline-plugin.Jenkinsfile	jenkinsci/simple-build-for-pipeline-plugin	63	233	not_declarative_pipeline	missing_step_or_plugin	missing_step_or_plugin	532.839	True	False	empty	0	0	rejected	1	E_SHARED_LIBRARY_ENTRYPOINT_UNSUPPORTED,E_NO_PIPELINE
jenkinsci_dingtalk-plugin.Jenkinsfile	jenkinsci/dingtalk-plugin	365	232	not_declarative_pipeline	missing_step_or_plugin	missing_step_or_plugin	493.655	True	False	empty	0	0	rejected	1	E_SHARED_LIBRARY_ENTRYPOINT_UNSUPPORTED,E_NO_PIPELINE
jenkinsci_gitea-plugin.Jenkinsfile	jenkinsci/gitea-plugin	237	232	not_declarative_pipeline	missing_step_or_plugin	missing_step_or_plugin	392.211	True	False	empty	0	0	rejected	1	E_SHARED_LIBRARY_ENTRYPOINT_UNSUPPORTED,E_NO_PIPELINE
jenkinsci_pipeline-aws-plugin.Jenkinsfile	jenkinsci/pipeline-aws-plugin	429	232	not_declarative_pipeline	missing_step_or_plugin	missing_step_or_plugin	495.804	True	False	empty	0	0	rejected	1	E_SHARED_LIBRARY_ENTRYPOINT_UNSUPPORTED,E_NO_PIPELINE
jenkinsci_declarative-pipeline-migration-assistant-plugin.Jenkinsfile	jenkinsci/declarative-pipeline-migration-assistant-plugin	13	221	not_declarative_pipeline	missing_step_or_plugin	missing_step_or_plugin	592.085	True	False	empty	0	0	rejected	1	E_SHARED_LIBRARY_ENTRYPOINT_UNSUPPORTED,E_NO_PIPELINE
jenkinsci_configuration-as-code-plugin.Jenkinsfile	jenkinsci/configuration-as-code-plugin	2790	218	not_declarative_pipeline	missing_step_or_plugin	missing_step_or_plugin	516.523	True	False	empty	0	0	rejected	1	E_SHARED_LIBRARY_ENTRYPOINT_UNSUPPORTED,E_NO_PIPELINE
jenkinsci_jira-steps-plugin.Jenkinsfile	jenkinsci/jira-steps-plugin	106	208	not_declarative_pipeline	missing_step_or_plugin	missing_step_or_plugin	554.609	True	False	empty	0	0	rejected	1	E_SHARED_LIBRARY_ENTRYPOINT_UNSUPPORTED,E_NO_PIPELINE
jenkinsci_webhook-step-plugin.Jenkinsfile	jenkinsci/webhook-step-plugin	38	204	not_declarative_pipeline	missing_step_or_plugin	missing_step_or_plugin	459.082	True	False	empty	0	0	rejected	1	E_SHARED_LIBRARY_ENTRYPOINT_UNSUPPORTED,E_NO_PIPELINE
jenkinsci_gitlab-branch-source-plugin.Jenkinsfile	jenkinsci/gitlab-branch-source-plugin	134	178	not_declarative_pipeline	missing_step_or_plugin	missing_step_or_plugin	393.778	True	False	empty	0	0	rejected	1	E_SHARED_LIBRARY_ENTRYPOINT_UNSUPPORTED,E_NO_PIPELINE
cinqict_jenkinsdev.Jenkinsfile	cinqict/jenkinsdev	5	177	declarative_valid	compiled_waiting_for_agent	compiled_waiting_for_agent	786.584	True	True	parsed	1	1	accepted	0	
jenkinsci_stashnotifier-plugin.Jenkinsfile	jenkinsci/stashnotifier-plugin	165	168	not_declarative_pipeline	missing_step_or_plugin	missing_step_or_plugin	609.391	True	False	empty	0	0	rejected	1	E_SHARED_LIBRARY_ENTRYPOINT_UNSUPPORTED,E_NO_PIPELINE
jenkinsci_workflow-multibranch-plugin.Jenkinsfile	jenkinsci/workflow-multibranch-plugin	87	167	not_declarative_pipeline	missing_step_or_plugin	missing_step_or_plugin	515.538	True	False	empty	0	0	rejected	1	E_SHARED_LIBRARY_ENTRYPOINT_UNSUPPORTED,E_NO_PIPELINE
jenkinsci_pipeline-stage-view-plugin.Jenkinsfile	jenkinsci/pipeline-stage-view-plugin	233	165	not_declarative_pipeline	missing_step_or_plugin	missing_step_or_plugin	619.297	True	False	empty	0	0	rejected	1	E_SHARED_LIBRARY_ENTRYPOINT_UNSUPPORTED,E_NO_PIPELINE
jenkinsci_credentials-plugin.Jenkinsfile	jenkinsci/credentials-plugin	132	156	not_declarative_pipeline	missing_step_or_plugin	missing_step_or_plugin	608.065	True	False	empty	0	0	rejected	1	E_SHARED_LIBRARY_ENTRYPOINT_UNSUPPORTED,E_NO_PIPELINE
jenkinsci_role-strategy-plugin.Jenkinsfile	jenkinsci/role-strategy-plugin	144	155	not_declarative_pipeline	missing_step_or_plugin	missing_step_or_plugin	638.816	True	False	empty	0	0	rejected	1	E_SHARED_LIBRARY_ENTRYPOINT_UNSUPPORTED,E_NO_PIPELINE
jalogut_jenkinsfile-shared-library-sample.Jenkinsfile	jalogut/jenkinsfile-shared-library-sample	11	151	not_declarative_pipeline	groovy_compile_failure	compile_or_model_failure	489.246	False	False	empty	0	0	rejected	1	E_SHARED_LIBRARY_ENTRYPOINT_UNSUPPORTED,E_NO_PIPELINE
ocf_ocflib.Jenkinsfile	ocf/ocflib	15	145	not_declarative_pipeline	missing_step_or_plugin	missing_step_or_plugin	514.924	True	False	empty	0	0	rejected	1	E_SHARED_LIBRARY_ENTRYPOINT_UNSUPPORTED,E_NO_PIPELINE
jenkinsci_dependency-track-plugin.Jenkinsfile	jenkinsci/dependency-track-plugin	53	139	not_declarative_pipeline	missing_step_or_plugin	missing_step_or_plugin	513.377	True	False	empty	0	0	rejected	1	E_SHARED_LIBRARY_ENTRYPOINT_UNSUPPORTED,E_NO_PIPELINE
jenkinsci_multiple-scms-plugin.Jenkinsfile	jenkinsci/multiple-scms-plugin	46	135	not_declarative_pipeline	missing_step_or_plugin	missing_step_or_plugin	606.657	True	False	empty	0	0	rejected	1	E_SHARED_LIBRARY_ENTRYPOINT_UNSUPPORTED,E_NO_PIPELINE
jenkinsci_workflow-job-plugin.Jenkinsfile	jenkinsci/workflow-job-plugin	41	133	not_declarative_pipeline	missing_step_or_plugin	missing_step_or_plugin	511.96	True	False	empty	0	0	rejected	1	E_SHARED_LIBRARY_ENTRYPOINT_UNSUPPORTED,E_NO_PIPELINE
Statemood_jenkins-library.Jenkinsfile	Statemood/jenkins-library	55	131	not_declarative_pipeline	groovy_compile_failure	compile_or_model_failure	349.175	False	False	empty	0	0	rejected	1	E_SHARED_LIBRARY_ENTRYPOINT_UNSUPPORTED,E_NO_PIPELINE
jenkinsci_JenkinsPipelineUnit.Jenkinsfile	jenkinsci/JenkinsPipelineUnit	1586	130	not_declarative_pipeline	missing_step_or_plugin	missing_step_or_plugin	517.545	True	False	empty	0	0	rejected	1	E_SHARED_LIBRARY_ENTRYPOINT_UNSUPPORTED,E_NO_PIPELINE
jenkinsci_job-dsl-plugin.Jenkinsfile	jenkinsci/job-dsl-plugin	1924	128	not_declarative_pipeline	missing_step_or_plugin	missing_step_or_plugin	534.473	True	False	empty	0	0	rejected	1	E_SHARED_LIBRARY_ENTRYPOINT_UNSUPPORTED,E_NO_PIPELINE
jenkinsci_pipeline-utility-steps-plugin.Jenkinsfile	jenkinsci/pipeline-utility-steps-plugin	260	128	not_declarative_pipeline	missing_step_or_plugin	missing_step_or_plugin	520.945	True	False	empty	0	0	rejected	1	E_SHARED_LIBRARY_ENTRYPOINT_UNSUPPORTED,E_NO_PIPELINE
ocf_ircbot.Jenkinsfile	ocf/ircbot	9	128	not_declarative_pipeline	missing_step_or_plugin	missing_step_or_plugin	527.201	True	False	empty	0	0	rejected	1	E_SHARED_LIBRARY_ENTRYPOINT_UNSUPPORTED,E_NO_PIPELINE
ocf_ocfweb.Jenkinsfile	ocf/ocfweb	46	128	not_declarative_pipeline	missing_step_or_plugin	missing_step_or_plugin	622.53	True	False	empty	0	0	rejected	1	E_SHARED_LIBRARY_ENTRYPOINT_UNSUPPORTED,E_NO_PIPELINE
concur_jenkins-yml-workflowLibs.Jenkinsfile	concur/jenkins-yml-workflowLibs	4	126	not_declarative_pipeline	missing_binding_or_library	missing_binding_or_library	535.627	True	False	empty	0	0	rejected	1	E_SHARED_LIBRARY_ENTRYPOINT_UNSUPPORTED,E_NO_PIPELINE
awslabs_aws-codepipeline-plugin-for-jenkins.Jenkinsfile	awslabs/aws-codepipeline-plugin-for-jenkins	82	124	not_declarative_pipeline	missing_step_or_plugin	missing_step_or_plugin	376.053	True	False	empty	0	0	rejected	1	E_SHARED_LIBRARY_ENTRYPOINT_UNSUPPORTED,E_NO_PIPELINE
jenkinsci_amazon-ecs-plugin.Jenkinsfile	jenkinsci/amazon-ecs-plugin	197	124	not_declarative_pipeline	missing_step_or_plugin	missing_step_or_plugin	530.248	True	False	empty	0	0	rejected	1	E_SHARED_LIBRARY_ENTRYPOINT_UNSUPPORTED,E_NO_PIPELINE
jenkinsci_groovy-sandbox.Jenkinsfile	jenkinsci/groovy-sandbox	135	124	not_declarative_pipeline	missing_step_or_plugin	missing_step_or_plugin	394.638	True	False	empty	0	0	rejected	1	E_SHARED_LIBRARY_ENTRYPOINT_UNSUPPORTED,E_NO_PIPELINE
jenkinsci_jira-trigger-plugin.Jenkinsfile	jenkinsci/jira-trigger-plugin	114	124	not_declarative_pipeline	missing_step_or_plugin	missing_step_or_plugin	648.152	True	False	empty	0	0	rejected	1	E_SHARED_LIBRARY_ENTRYPOINT_UNSUPPORTED,E_NO_PIPELINE
jenkinsci_swarm-plugin.Jenkinsfile	jenkinsci/swarm-plugin	136	124	not_declarative_pipeline	missing_step_or_plugin	missing_step_or_plugin	512.325	True	False	empty	0	0	rejected	1	E_SHARED_LIBRARY_ENTRYPOINT_UNSUPPORTED,E_NO_PIPELINE
jenkinsci_hashicorp-vault-plugin.Jenkinsfile	jenkinsci/hashicorp-vault-plugin	222	99	not_declarative_pipeline	missing_step_or_plugin	missing_step_or_plugin	518.552	True	False	empty	0	0	rejected	1	E_SHARED_LIBRARY_ENTRYPOINT_UNSUPPORTED,E_NO_PIPELINE
ocf_slackbridge.Jenkinsfile	ocf/slackbridge	12	87	not_declarative_pipeline	missing_step_or_plugin	missing_step_or_plugin	619.494	True	False	empty	0	0	rejected	1	E_SHARED_LIBRARY_ENTRYPOINT_UNSUPPORTED,E_NO_PIPELINE
chrsoo_microservices.Jenkinsfile	chrsoo/microservices	7	80	not_declarative_pipeline	groovy_compile_failure	compile_or_model_failure	446.703	False	False	empty	0	0	rejected	1	E_SHARED_LIBRARY_ENTRYPOINT_UNSUPPORTED,E_NO_PIPELINE
bcgov_openshift-wiki.Jenkinsfile	bcgov/openshift-wiki	18	78	not_declarative_pipeline	compiled_waiting_for_agent	compiled_waiting_for_agent	559.621	True	True	empty	0	0	rejected	1	E_UNSUPPORTED_SCRIPTED_PIPELINE,E_NO_PIPELINE
gfkse_jenkins-shared-library.Jenkinsfile	gfkse/jenkins-shared-library	22	70	not_declarative_pipeline	groovy_compile_failure	compile_or_model_failure	393.513	False	False	empty	0	0	rejected	1	E_SHARED_LIBRARY_ENTRYPOINT_UNSUPPORTED,E_NO_PIPELINE
griddynamics-archive_mpl.Jenkinsfile	griddynamics-archive/mpl	165	34	not_declarative_pipeline	groovy_compile_failure	compile_or_model_failure	425.383	False	False	empty	0	0	rejected	1	E_SHARED_LIBRARY_ENTRYPOINT_UNSUPPORTED,E_NO_PIPELINE
HariSekhon_Templates.Jenkinsfile	HariSekhon/Templates	188	19	not_declarative_pipeline	missing_binding_or_library	missing_binding_or_library	358.584	True	False	empty	0	0	rejected	1	E_NO_PIPELINE
jenkinsci_config-driven-pipeline-plugin.Jenkinsfile	jenkinsci/config-driven-pipeline-plugin	23	14	not_declarative_pipeline	missing_step_or_plugin	missing_step_or_plugin	534.302	True	False	empty	0	0	rejected	1	E_SHARED_LIBRARY_ENTRYPOINT_UNSUPPORTED,E_NO_PIPELINE
jenkinsci_hashicorp-vault-pipeline-plugin.Jenkinsfile	jenkinsci/hashicorp-vault-pipeline-plugin	26	14	not_declarative_pipeline	missing_step_or_plugin	missing_step_or_plugin	402.873	True	False	empty	0	0	rejected	1	E_SHARED_LIBRARY_ENTRYPOINT_UNSUPPORTED,E_NO_PIPELINE
jenkinsci_labelled-steps-plugin.Jenkinsfile	jenkinsci/labelled-steps-plugin	10	14	not_declarative_pipeline	missing_step_or_plugin	missing_step_or_plugin	517.075	True	False	empty	0	0	rejected	1	E_SHARED_LIBRARY_ENTRYPOINT_UNSUPPORTED,E_NO_PIPELINE
jenkinsci_pipeline-githubnotify-step-plugin.Jenkinsfile	jenkinsci/pipeline-githubnotify-step-plugin	31	14	not_declarative_pipeline	missing_step_or_plugin	missing_step_or_plugin	514.379	True	False	empty	0	0	rejected	1	E_SHARED_LIBRARY_ENTRYPOINT_UNSUPPORTED,E_NO_PIPELINE
jenkinsci_pipeline-gitstatuswrapper-plugin.Jenkinsfile	jenkinsci/pipeline-gitstatuswrapper-plugin	8	14	not_declarative_pipeline	missing_step_or_plugin	missing_step_or_plugin	515.54	True	False	empty	0	0	rejected	1	E_SHARED_LIBRARY_ENTRYPOINT_UNSUPPORTED,E_NO_PIPELINE
jenkinsci_qy-wechat-notification-plugin.Jenkinsfile	jenkinsci/qy-wechat-notification-plugin	165	14	not_declarative_pipeline	missing_step_or_plugin	missing_step_or_plugin	586.238	True	False	empty	0	0	rejected	1	E_SHARED_LIBRARY_ENTRYPOINT_UNSUPPORTED,E_NO_PIPELINE
