file	job_id	inventory_inline_sha256	config_sha256	enabled	state_generation	state_reason	node_authority
Ableton_python-pipeline-utils.Jenkinsfile	corpus-001-Ableton_python-pipeline-utils	541ede0e8e35b5c87c42af09c47f6b31c3e171dddbe51eeed9fa46b128cece1b	7123f793cac5752ea2fd918791fadcb72acef409220aec5a18350d108e06d13d	false	7123f793cac5752ea2fd918791fadcb72acef409220aec5a18350d108e06d13d	offline-frozen-source-state	parse-only-controller-no-executors-or-nodes
AmanPathak-DevOps_EKS-Terraform-GitHub-Actions.Jenkinsfile	corpus-002-AmanPathak-DevOps_EKS-Terraform-GitHub-Actions	d3723d35a45518b8179853f3db1cc948ab29d4ed11d6d69f4cd59a258f0341ef	05b0f84b19ee9b5d32703b40b3138cccc55c1b8ebfa020977707d56bcff2e3e2	false	05b0f84b19ee9b5d32703b40b3138cccc55c1b8ebfa020977707d56bcff2e3e2	offline-frozen-source-state	parse-only-controller-no-executors-or-nodes
BBVA_mirrorgate.Jenkinsfile	corpus-003-BBVA_mirrorgate	231f42d14a263a32724fa95f1081fd299d867a4c835f5cf55cb6efe2600e63aa	5842914d5b159ce59a4058ccdf2cdb4b7ea13405e3bc233efdf7e327eb44a8bf	false	5842914d5b159ce59a4058ccdf2cdb4b7ea13405e3bc233efdf7e327eb44a8bf	offline-frozen-source-state	parse-only-controller-no-executors-or-nodes
Ben1980_jenkinsexample.Jenkinsfile	corpus-004-Ben1980_jenkinsexample	86b26fd6b86c0bbacb4aeece0fceda7a261c1003d499dead9c6e79885fe46e3c	7f77931561f7814eeee95a4bf01e7b3e5b63a5e519ca1848d254735c4d7677b4	false	7f77931561f7814eeee95a4bf01e7b3e5b63a5e519ca1848d254735c4d7677b4	offline-frozen-source-state	parse-only-controller-no-executors-or-nodes
Blazemeter_taurus.Jenkinsfile	corpus-005-Blazemeter_taurus	074a0ee6c59965a517af59eabfc48d37fb2ee2b9d6735bad7ab6ca241c50bfdc	6887b221c4faec639104ac6dfc3c2c297c8280c896dcc79c81c521f9d7567e10	false	6887b221c4faec639104ac6dfc3c2c297c8280c896dcc79c81c521f9d7567e10	offline-frozen-source-state	parse-only-controller-no-executors-or-nodes
Chabane_mitosis-microservice-spark-cassandra.Jenkinsfile	corpus-006-Chabane_mitosis-microservice-spark-cassandra	f9cf8fc20d1932ff38baa4edae4c071a93489c4f5aded7bb9edda90fef5f6ff3	2e417ee0f8de76ba68a95a4c4219023c505addb41e5c17841ccdf6215cb29f78	false	2e417ee0f8de76ba68a95a4c4219023c505addb41e5c17841ccdf6215cb29f78	offline-frozen-source-state	parse-only-controller-no-executors-or-nodes
DeekshithSN_Jenkinsfile.Jenkinsfile	corpus-007-DeekshithSN_Jenkinsfile	3b51ff90605d69af6700d5afc230f886a6d7119ed8f76f3a7ddf68b6d14c5513	7eb02706da14de054b6c1c59541ee07b87367ed6cc463f354cc7663d3ebe3a69	false	7eb02706da14de054b6c1c59541ee07b87367ed6cc463f354cc7663d3ebe3a69	offline-frozen-source-state	parse-only-controller-no-executors-or-nodes
HariSekhon_DevOps-Bash-tools.Jenkinsfile	corpus-008-HariSekhon_DevOps-Bash-tools	def821a25309f566e5e68c2081126b2753b480cdea7748a785c0637c155a00ab	58f377c7c9940860197ba0ca30de7c45f4730bc3948dcb1ad6447ddc1bc8072a	false	58f377c7c9940860197ba0ca30de7c45f4730bc3948dcb1ad6447ddc1bc8072a	offline-frozen-source-state	parse-only-controller-no-executors-or-nodes
HariSekhon_Jenkins.Jenkinsfile	corpus-009-HariSekhon_Jenkins	88e3b12724f73e68bc823ec10d72e9df9bbdb73f4cea074abdc0766e5ec387d3	e147b273ee608c261d5f4b2d87d5af7c9fd72208b6a7df9255581c53305b87c3	false	e147b273ee608c261d5f4b2d87d5af7c9fd72208b6a7df9255581c53305b87c3	offline-frozen-source-state	parse-only-controller-no-executors-or-nodes
HariSekhon_Nagios-Plugins.Jenkinsfile	corpus-010-HariSekhon_Nagios-Plugins	561f27d798986f7cafebb0c9ed61ed8989dfba1c96ceb5be2b2a1a73be1386fd	fead2216e842cc1b987aaa3b93510d95c1bcb5711708665f27eab0de4f7b603b	false	fead2216e842cc1b987aaa3b93510d95c1bcb5711708665f27eab0de4f7b603b	offline-frozen-source-state	parse-only-controller-no-executors-or-nodes
HariSekhon_Templates.Jenkinsfile	corpus-011-HariSekhon_Templates	6c263717a24af2836fc1795f59bdea6b8616d61bd499edb331d6c9d253478e34	6e8506d418560ffeb860195da987863c149e8937776639812c64b0f25ba7e2a5	false	6e8506d418560ffeb860195da987863c149e8937776639812c64b0f25ba7e2a5	offline-frozen-source-state	parse-only-controller-no-executors-or-nodes
Jotschi_maven-release-workflow-test.Jenkinsfile	corpus-012-Jotschi_maven-release-workflow-test	127d13fae4b3bc993db57fff2a702a9fef9b27e9496472d086f6423c73ed08e2	928296b293caa307df69b10792612088ac722f719cdb1aa10d2c578a34084cc5	false	928296b293caa307df69b10792612088ac722f719cdb1aa10d2c578a34084cc5	offline-frozen-source-state	parse-only-controller-no-executors-or-nodes
MrRameshRajendran_Hybrid_MultiCloud_Overlay.Jenkinsfile	control-native-013-MrRameshRajendran_Hybrid_MultiCloud_Overlay	abad58a171872921e261146c8e8ef935ece26bf636a4fe986ca5a508f822dc46	79ee3f8c068e4d268345bac416e2667327d4c177fe4b38a46d4e12ee87b4eaee	false	79ee3f8c068e4d268345bac416e2667327d4c177fe4b38a46d4e12ee87b4eaee	offline-frozen-source-state	parse-only-controller-no-executors-or-nodes
MrRameshRajendran_Hybrid_MultiCloud_Overlay.Jenkinsfile	control-native-v2-013-MrRameshRajendran_Hybrid_MultiCloud_Overlay	abad58a171872921e261146c8e8ef935ece26bf636a4fe986ca5a508f822dc46	79ee3f8c068e4d268345bac416e2667327d4c177fe4b38a46d4e12ee87b4eaee	false	79ee3f8c068e4d268345bac416e2667327d4c177fe4b38a46d4e12ee87b4eaee	offline-frozen-source-state	parse-only-controller-no-executors-or-nodes
MrRameshRajendran_Hybrid_MultiCloud_Overlay.Jenkinsfile	corpus-013-MrRameshRajendran_Hybrid_MultiCloud_Overlay	abad58a171872921e261146c8e8ef935ece26bf636a4fe986ca5a508f822dc46	79ee3f8c068e4d268345bac416e2667327d4c177fe4b38a46d4e12ee87b4eaee	false	79ee3f8c068e4d268345bac416e2667327d4c177fe4b38a46d4e12ee87b4eaee	offline-frozen-source-state	parse-only-controller-no-executors-or-nodes
ORCID_ORCID-Source.Jenkinsfile	corpus-014-ORCID_ORCID-Source	f1e13eecbdfd94819bdd69753499d4f307d653e11b0fcc5c112bb35f43ef97aa	be28976dde08f84cf298104c29c5587d2d00f167a3e362c050b856ed2a2e9be1	false	be28976dde08f84cf298104c29c5587d2d00f167a3e362c050b856ed2a2e9be1	offline-frozen-source-state	parse-only-controller-no-executors-or-nodes
Primus19_jenkins-pipeline-deploy-to-eks.Jenkinsfile	corpus-015-Primus19_jenkins-pipeline-deploy-to-eks	1a63e6f351bb8eaa00397a29bd235eac48b34091fe27e7518dee11372136df51	224f1b45a4d58016490e2da72c64481e35161f5c080c90e028b13d8a60ba8c3c	false	224f1b45a4d58016490e2da72c64481e35161f5c080c90e028b13d8a60ba8c3c	offline-frozen-source-state	parse-only-controller-no-executors-or-nodes
Rapter1990_springbootmicroservicedailybuffer.Jenkinsfile	corpus-016-Rapter1990_springbootmicroservicedailybuffer	4ecd459eb6be0438b11ef68044735f5195180ca5a6475d8054f5e0005c89f4ec	f8a4e39f4ac1e0afa477fbaae9fbe881cec3ef08cc7c5ed0c6c3abe31af4014a	false	f8a4e39f4ac1e0afa477fbaae9fbe881cec3ef08cc7c5ed0c6c3abe31af4014a	offline-frozen-source-state	parse-only-controller-no-executors-or-nodes
RitheeshBaradwaj_JenkinsPipeline.Jenkinsfile	corpus-017-RitheeshBaradwaj_JenkinsPipeline	98f0b16b9c217db2adfe1a6e03c3cd1f99ec591db730254a775834bd09206b89	b7621749e4c204c11c5d42ee698930c47394216759909b390e52480c2d2bacbc	false	b7621749e4c204c11c5d42ee698930c47394216759909b390e52480c2d2bacbc	offline-frozen-source-state	parse-only-controller-no-executors-or-nodes
Romeh_spring-boot-ignite.Jenkinsfile	corpus-018-Romeh_spring-boot-ignite	652f0086118dfcec254900be38b1c0290fec0f5f91bb995fd66f66b0101d0f09	dfc1735b874ff48f446cd19adb7433730ecd8e98a7907a4c2db7cdb352b91640	false	dfc1735b874ff48f446cd19adb7433730ecd8e98a7907a4c2db7cdb352b91640	offline-frozen-source-state	parse-only-controller-no-executors-or-nodes
Romeh_spring-boot-sample-app.Jenkinsfile	corpus-019-Romeh_spring-boot-sample-app	78557a1b98eade3b0ed41d357c06acbaf327e38dccddfe8287de526b080d7634	767413dbc61197a13ad444e0c359770a3ef48e3d2ad3207dbf36568c682fe70e	false	767413dbc61197a13ad444e0c359770a3ef48e3d2ad3207dbf36568c682fe70e	offline-frozen-source-state	parse-only-controller-no-executors-or-nodes
Statemood_jenkins-library.Jenkinsfile	corpus-020-Statemood_jenkins-library	f66ee69760ec268adb012b14e07241358653e9706e473ff8bfaeeb78ab94827e	5f3679f246c4d311749c9fcc468fd8be6e2b81bb1a8d93cfc03be4be71384b5a	false	5f3679f246c4d311749c9fcc468fd8be6e2b81bb1a8d93cfc03be4be71384b5a	offline-frozen-source-state	parse-only-controller-no-executors-or-nodes
SumanReddy568_Selenium-Python-Pytest-framework.Jenkinsfile	corpus-021-SumanReddy568_Selenium-Python-Pytest-framework	f21604b7c13c45911f4c2426154799b436060f5cd12673c540aa023a9283e3ae	f99f4003b92bf44ffea5b27e232c53d3d8aaae5bc38e31469f39cb5a49d20a7d	false	f99f4003b92bf44ffea5b27e232c53d3d8aaae5bc38e31469f39cb5a49d20a7d	offline-frozen-source-state	parse-only-controller-no-executors-or-nodes
SumitKr88_multiscanpipeline-jenkins-fastlane-ios.Jenkinsfile	corpus-022-SumitKr88_multiscanpipeline-jenkins-fastlane-ios	9e99e235d5e35ec19708a4af34e6be777f95ba25c5f99f72e3ad9b9147eb45cc	20f1360652ada2e671ad4a3ff23d399eb66686ef9260c6b6e971ecc7aa4c0ef5	false	20f1360652ada2e671ad4a3ff23d399eb66686ef9260c6b6e971ecc7aa4c0ef5	offline-frozen-source-state	parse-only-controller-no-executors-or-nodes
SumitM01_CI-CD-for-Docker-Kubernetes-using-Jenkins.Jenkinsfile	corpus-023-SumitM01_CI-CD-for-Docker-Kubernetes-using-Jenki	85af9d066998a0b981f6937698b57eedbf7b3392757c0e4f81dd8ab7d91aeb99	898260403eb2cf3da9e6706440e852dbd21cbbfa774b1200090b6a136e20ec7a	false	898260403eb2cf3da9e6706440e852dbd21cbbfa774b1200090b6a136e20ec7a	offline-frozen-source-state	parse-only-controller-no-executors-or-nodes
TTFHW_jenkins_pipeline_java_maven.Jenkinsfile	corpus-024-TTFHW_jenkins_pipeline_java_maven	056bfea73508ad462fc4f7a04802116a7262c5862bab169a0eb7fdcf2b0a48c6	e2a22d866e30b9ef07647b38baca6a57d94560a2900f0244a10eb963ef48346e	false	e2a22d866e30b9ef07647b38baca6a57d94560a2900f0244a10eb963ef48346e	offline-frozen-source-state	parse-only-controller-no-executors-or-nodes
TTFHW_jenkins_pipeline_shell_scripts.Jenkinsfile	corpus-025-TTFHW_jenkins_pipeline_shell_scripts	5807654497ce64088988cd65eff0219f7d2f246c72ed9eb900a17204ec28e715	1bdd25ca615e903cc9ab6851faebd2acbac8066e423e6a5edeea3801a1b47dea	false	1bdd25ca615e903cc9ab6851faebd2acbac8066e423e6a5edeea3801a1b47dea	offline-frozen-source-state	parse-only-controller-no-executors-or-nodes
TechPrimers_jenkins-example.Jenkinsfile	corpus-026-TechPrimers_jenkins-example	3a6417cae39894496497d7e0f5782bb0fa381b3695c9ae0653e6706e888b321c	471885510e41156bd6146d75c53db8b3f2adb4e09e2075fd26ae0c2751ffafeb	false	471885510e41156bd6146d75c53db8b3f2adb4e09e2075fd26ae0c2751ffafeb	offline-frozen-source-state	parse-only-controller-no-executors-or-nodes
Terradue_DotNet4One.Jenkinsfile	corpus-027-Terradue_DotNet4One	6e09ceeaf8d956ba9d0e9cc0fd80c0ab81ba35d158c593e6696b9c9d943fd382	c0dbea0fc7a2e54e4d8b0b08bd0be908f9874d4e06f98b228f8efa96e186721a	false	c0dbea0fc7a2e54e4d8b0b08bd0be908f9874d4e06f98b228f8efa96e186721a	offline-frozen-source-state	parse-only-controller-no-executors-or-nodes
Terradue_DotNetOpenSearchClient.Jenkinsfile	corpus-028-Terradue_DotNetOpenSearchClient	6bd7a34b50ffc26a96d1f4f16a3b59f011be2080e0e4e806d26fdcd2de7417e1	7947bf2ea67b18abcc097618a9e6e28d1c5bc555bc88ceff874190d505b37733	false	7947bf2ea67b18abcc097618a9e6e28d1c5bc555bc88ceff874190d505b37733	offline-frozen-source-state	parse-only-controller-no-executors-or-nodes
TomCzHen_jenkins-android-sample.Jenkinsfile	corpus-029-TomCzHen_jenkins-android-sample	7b704a07000e3f3d4ba5cabb6f724eea3eac11f4b359603e8ccc7105040a0ed4	a6ebe1275510a3376f9de455a6aa988c9efa174a82ac88c18109115b8e572659	false	a6ebe1275510a3376f9de455a6aa988c9efa174a82ac88c18109115b8e572659	offline-frozen-source-state	parse-only-controller-no-executors-or-nodes
Tynab_crm-project.Jenkinsfile	corpus-030-Tynab_crm-project	2675911170287f5838f9c9832d9b1ad4fbbe0ee376ce7604308239b7387d9d25	bccf5449b69477d258366a3a94d96aea4113f3824437c73c29d3071396c52860	false	bccf5449b69477d258366a3a94d96aea4113f3824437c73c29d3071396c52860	offline-frozen-source-state	parse-only-controller-no-executors-or-nodes
VAD37_unity-jenkinsfile.Jenkinsfile	corpus-031-VAD37_unity-jenkinsfile	aa892a5663f6f663386c97037f58fa4f0ff2843a3750241941691e69d938c67f	11dbada530d1d0f6c9d494a4a60ea103bffd8ef86e28dacd4acdf2cba6a17a2e	false	11dbada530d1d0f6c9d494a4a60ea103bffd8ef86e28dacd4acdf2cba6a17a2e	offline-frozen-source-state	parse-only-controller-no-executors-or-nodes
adamrushuk_powershell-pipeline.Jenkinsfile	corpus-032-adamrushuk_powershell-pipeline	9b3f291bda53d9f3839778edb32eb0263cda45f1eaf52c355bc5ced398d68163	9cf8ee436d46499de8945e62afe91c6310a2bc66613b5c05ed089fffe5b6994a	false	9cf8ee436d46499de8945e62afe91c6310a2bc66613b5c05ed089fffe5b6994a	offline-frozen-source-state	parse-only-controller-no-executors-or-nodes
ahmedmourshedi_Automation-Testing-of-ECommerce-WebsiteUsingSelenium.Jenkinsfile	corpus-033-ahmedmourshedi_Automation-Testing-of-ECommerce-W	e3cbc1c7aea51429f40c0410ea17790509de2ee85e4e760bec143050f21d5f33	4672ddf62482ffe7ae1ccc7cce0bbe7460d94e4c52611af3cb511505d9c42dd9	false	4672ddf62482ffe7ae1ccc7cce0bbe7460d94e4c52611af3cb511505d9c42dd9	offline-frozen-source-state	parse-only-controller-no-executors-or-nodes
aiwithqasim_Capstone-Project-Devops.Jenkinsfile	corpus-034-aiwithqasim_Capstone-Project-Devops	b9c0cea6dc126f31e7398a6395f0bcb0ebe135f3b6c2bb97eb53881387d30a04	7745165466c5f7f557ea29a54350d40a5b71f5ef709c15d94586c139f419fc5f	false	7745165466c5f7f557ea29a54350d40a5b71f5ef709c15d94586c139f419fc5f	offline-frozen-source-state	parse-only-controller-no-executors-or-nodes
alanmacgowan_WebApplication.Jenkinsfile	corpus-035-alanmacgowan_WebApplication	9a758841ca77c7196df4f8e783d7e841b8602244a29d808102863e8536be7f1a	5e62c26249a80fbaf0551cd75bac24567265d664423f57edc15b2e2dc4971ad0	false	5e62c26249a80fbaf0551cd75bac24567265d664423f57edc15b2e2dc4971ad0	offline-frozen-source-state	parse-only-controller-no-executors-or-nodes
alexguzun_jenkins-pipeline-gitflow-maven.Jenkinsfile	corpus-036-alexguzun_jenkins-pipeline-gitflow-maven	261712ed4d1062321f0366fb96a1fc2a5ed9189fa8e497a1cf7572e964e83be4	b283409c73747ba256adef49f4afb1305a05fc1cee39d7e47fd745b8e33d9be0	false	b283409c73747ba256adef49f4afb1305a05fc1cee39d7e47fd745b8e33d9be0	offline-frozen-source-state	parse-only-controller-no-executors-or-nodes
allcloud-io_jenkins-pipeline-tutorial.Jenkinsfile	corpus-037-allcloud-io_jenkins-pipeline-tutorial	7bf47940d691f7f0e8514f72f92dc2935e38adc229a22d77124a46f305a28400	6af13b199f79e3179ceb27e501d7bcf52d12136ccbdb68509539f8ed669f3436	false	6af13b199f79e3179ceb27e501d7bcf52d12136ccbdb68509539f8ed669f3436	offline-frozen-source-state	parse-only-controller-no-executors-or-nodes
arun-gupta_docker-jenkins-pipeline.Jenkinsfile	corpus-038-arun-gupta_docker-jenkins-pipeline	4e4ea3e7053a4bf64d9ec895eff0b57c9f18008d9d263bcb917aec621a91361d	442928f6c01ae4b6368da431cf5bec32dc42f6575d20af2717a92c08975084c9	false	442928f6c01ae4b6368da431cf5bec32dc42f6575d20af2717a92c08975084c9	offline-frozen-source-state	parse-only-controller-no-executors-or-nodes
aws-samples_ecs-bg-external-controller.Jenkinsfile	corpus-039-aws-samples_ecs-bg-external-controller	4769a05ea89b0ec7c9ecb3ee3b16ee91350375ad88d5a1be58cafff10e0a570c	762aa483a56babde5013e6fb99f05e70e076b800a6f469301fc05fac1ebbb8e8	false	762aa483a56babde5013e6fb99f05e70e076b800a6f469301fc05fac1ebbb8e8	offline-frozen-source-state	parse-only-controller-no-executors-or-nodes
awslabs_aws-codepipeline-plugin-for-jenkins.Jenkinsfile	corpus-040-awslabs_aws-codepipeline-plugin-for-jenkins	5f73e8a6f186be327095bec7598ce879a8ab2d6502c06a277f24ffcfc4af2ff8	407e8ce0b470eb89e9324364bb617ac38fbb37c15bd385d8d4dd7dc15aee7db7	false	407e8ce0b470eb89e9324364bb617ac38fbb37c15bd385d8d4dd7dc15aee7db7	offline-frozen-source-state	parse-only-controller-no-executors-or-nodes
bcgov_openshift-wiki.Jenkinsfile	corpus-041-bcgov_openshift-wiki	50c79ee4516d4a7df046efbfff8bc10d5f5b6e72fe84ab1443d6df647410d29b	c0eeaea5bc818841c6de3c5ece5fb0b4b32ea04883ff3e25a377980e9b965131	false	c0eeaea5bc818841c6de3c5ece5fb0b4b32ea04883ff3e25a377980e9b965131	offline-frozen-source-state	parse-only-controller-no-executors-or-nodes
beifei1_fire-cloud.Jenkinsfile	corpus-042-beifei1_fire-cloud	d93e4c083eab6071ba7bea1c2e16d704530b5ae9fc32b05195b464a69ccdaada	19164367fd5a9a2bee51d4160f9ba1b06e917ca3e3f4cfe5ad7a76f18b5785ad	false	19164367fd5a9a2bee51d4160f9ba1b06e917ca3e3f4cfe5ad7a76f18b5785ad	offline-frozen-source-state	parse-only-controller-no-executors-or-nodes
bmustiata_jenny.Jenkinsfile	corpus-043-bmustiata_jenny	ca0d63014147a42547554f314d9dc5b15bed18dddcfdc52c70b172f8c47c0ab8	f76c2a8e06c61c4573ea31302c4dc07b7d39443acaf88a36241fb44a59fb558d	false	f76c2a8e06c61c4573ea31302c4dc07b7d39443acaf88a36241fb44a59fb558d	offline-frozen-source-state	parse-only-controller-no-executors-or-nodes
boozallen_devsecops-example-helloworld.Jenkinsfile	corpus-044-boozallen_devsecops-example-helloworld	b0453dfb79a7c904e4b3b499596c78549fd83c20ae0dca134cff2949a237e558	a78998430d186fa16c27918a5f6890efa53fd9eeae39ca420363df365706bd84	false	a78998430d186fa16c27918a5f6890efa53fd9eeae39ca420363df365706bd84	offline-frozen-source-state	parse-only-controller-no-executors-or-nodes
bszeti_kubernetes-integration-test.Jenkinsfile	corpus-045-bszeti_kubernetes-integration-test	9a3e0ac623a8ed5c65e4bcc8f590d09d2bfd118ce8ea8d456a73d0bc73277cd2	404aacecbefdb078c4fad0869f4d70ec6f745e96c337fec38fe1ab305a005d1d	false	404aacecbefdb078c4fad0869f4d70ec6f745e96c337fec38fe1ab305a005d1d	offline-frozen-source-state	parse-only-controller-no-executors-or-nodes
buildit_jenkins-pipeline-libraries.Jenkinsfile	corpus-046-buildit_jenkins-pipeline-libraries	894ac23ae5e37840615c979b33bff728c157669b0bf8bfb74f1f4def7d828dee	10c4ba5264891a0bf34da8464dc43b62a4fa3992910a77b452da4380f26d447f	false	10c4ba5264891a0bf34da8464dc43b62a4fa3992910a77b452da4380f26d447f	offline-frozen-source-state	parse-only-controller-no-executors-or-nodes
camiloribeiro_cdeasy.Jenkinsfile	corpus-047-camiloribeiro_cdeasy	392d3667712d3b458ba56bef2af90c80c5879d88f79cfe19d626f35c785af800	418ad683566bbf328a5cc5bbeef1af1f6340a6e6dd367e1d5f217f5392cda1e3	false	418ad683566bbf328a5cc5bbeef1af1f6340a6e6dd367e1d5f217f5392cda1e3	offline-frozen-source-state	parse-only-controller-no-executors-or-nodes
captjt_jenkins-pipeline-express.Jenkinsfile	corpus-048-captjt_jenkins-pipeline-express	81a38fff16ee5817dc7d08c015ef4b625c3c5a122ea0135201090b2ff5854d66	00577f8b957572c4017e678c42ab8a7707a91ed07ee0b09b619a6d21e5a8b90d	false	00577f8b957572c4017e678c42ab8a7707a91ed07ee0b09b619a6d21e5a8b90d	offline-frozen-source-state	parse-only-controller-no-executors-or-nodes
charlires_golang-docker-jenkins.Jenkinsfile	corpus-049-charlires_golang-docker-jenkins	35091bc2909001e1fa14b136e30a6cf983406342c7a3ab6924f08b225c05f1a9	53b185c173292d2f21994e966e27d2d6c1962688d9dbcfd70242705892567b21	false	53b185c173292d2f21994e966e27d2d6c1962688d9dbcfd70242705892567b21	offline-frozen-source-state	parse-only-controller-no-executors-or-nodes
choiis_Cpp-IOCP-Server.Jenkinsfile	corpus-050-choiis_Cpp-IOCP-Server	8d5ae2ed11a8ff527d2e51db098ba498c8f25da027c1b71a00f7ce2c05ecb3a3	4c0e1329124670272f399fa33cacc40e95c2790779583a7ab95fb6e25501d5b1	false	4c0e1329124670272f399fa33cacc40e95c2790779583a7ab95fb6e25501d5b1	offline-frozen-source-state	parse-only-controller-no-executors-or-nodes
chrsoo_microservices.Jenkinsfile	corpus-051-chrsoo_microservices	14a17ebfce7c4911aa757fda4023aea548303544e6681768120cc223c7bac501	862b94937b95b45d70af245bf41d789c3e0b745873c44c16d47fe42ccd10940d	false	862b94937b95b45d70af245bf41d789c3e0b745873c44c16d47fe42ccd10940d	offline-frozen-source-state	parse-only-controller-no-executors-or-nodes
cinqict_jenkinsdev.Jenkinsfile	corpus-052-cinqict_jenkinsdev	666ac2275ea75730e27cf7b565d757691b094c508355adc0199d745278a23100	e76362bbc8e899510b8498808ffd0d2f83bb64d3215cf2c5b31690895f251d97	false	e76362bbc8e899510b8498808ffd0d2f83bb64d3215cf2c5b31690895f251d97	offline-frozen-source-state	parse-only-controller-no-executors-or-nodes
clintmod_unit-testing-jenkinsfile.Jenkinsfile	corpus-053-clintmod_unit-testing-jenkinsfile	985a7ae786b5e36f48d99a96aef921714bcdb30fc2eae1235a8ce6dd9a339c4a	7026b6be6967b4dff55a19760f6f73af71698664a6e12299d484f3b60d09c056	false	7026b6be6967b4dff55a19760f6f73af71698664a6e12299d484f3b60d09c056	offline-frozen-source-state	parse-only-controller-no-executors-or-nodes
cloud-bulldozer_scale-ci-pipeline.Jenkinsfile	corpus-054-cloud-bulldozer_scale-ci-pipeline	208f13eb41d51e92453caffb5696aef677e24a1bec4a184e69ce23a84161349c	b4eddcb165c3e1e1f4302bdf06efbb3fbee51726c502b0a92e82a141e4823130	false	b4eddcb165c3e1e1f4302bdf06efbb3fbee51726c502b0a92e82a141e4823130	offline-frozen-source-state	parse-only-controller-no-executors-or-nodes
cloudogu_ces-build-lib.Jenkinsfile	corpus-055-cloudogu_ces-build-lib	10723adab4589a4d39d083ac7cc63e9f8d19ef4a5b0249fc06473556015b976e	1a68544531cbc4ba1074204979e4e04e0debaf954e78b2c1f5910b549703c255	false	1a68544531cbc4ba1074204979e4e04e0debaf954e78b2c1f5910b549703c255	offline-frozen-source-state	parse-only-controller-no-executors-or-nodes
cloudogu_continuous-delivery-slides.Jenkinsfile	corpus-056-cloudogu_continuous-delivery-slides	18336858a375c5bd556e582697a23121a2646eb413b1667ac39e2d1d20b6be55	ef9c6b664f7812cda621e9d45422626d726a309f66279e307cf59c0ab5d0c808	false	ef9c6b664f7812cda621e9d45422626d726a309f66279e307cf59c0ab5d0c808	offline-frozen-source-state	parse-only-controller-no-executors-or-nodes
cloudogu_gitops-build-lib.Jenkinsfile	corpus-057-cloudogu_gitops-build-lib	b919e0cdb82e6afb7ab874bda04c95d87c46776ec96e8c109d43486669e613c3	752adf4c88a4e476126d6196cbd057e3423cf7fe691e14cbd9e793f35eaad459	false	752adf4c88a4e476126d6196cbd057e3423cf7fe691e14cbd9e793f35eaad459	offline-frozen-source-state	parse-only-controller-no-executors-or-nodes
cloudogu_gitops-playground.Jenkinsfile	corpus-058-cloudogu_gitops-playground	e6e579afb1e8f521ed7c46157760693de07a2a4ed2b704f6c2553629a1c20315	089c820c90c67b7220683cd3e6d9e1373a9d27fcb828ccb33502bba7b6efc396	false	089c820c90c67b7220683cd3e6d9e1373a9d27fcb828ccb33502bba7b6efc396	offline-frozen-source-state	parse-only-controller-no-executors-or-nodes
cloudogu_reveal.js-docker-example.Jenkinsfile	corpus-059-cloudogu_reveal-js-docker-example	5f6e81afdf7bb6e7e5a3392135c543e8db20239581fb9748a9f35106838042c2	387d180adf8effbe46b0e432718707f2d5b6ce2a9fb085cd91eab3a65bb7db4e	false	387d180adf8effbe46b0e432718707f2d5b6ce2a9fb085cd91eab3a65bb7db4e	offline-frozen-source-state	parse-only-controller-no-executors-or-nodes
concur_jenkins-yml-workflowLibs.Jenkinsfile	corpus-060-concur_jenkins-yml-workflowLibs	5f3ff6c25b67bc3df0104d1c205b6297174974c308dafd501f27fc62096b4931	586b240d32289300a63c34a7731652039ecbace1f89521018e2a7ba57581c9e2	false	586b240d32289300a63c34a7731652039ecbace1f89521018e2a7ba57581c9e2	offline-frozen-source-state	parse-only-controller-no-executors-or-nodes
cvitter_jenkins-pipeline-examples.Jenkinsfile	corpus-061-cvitter_jenkins-pipeline-examples	4c7a5ac0431ca337c635678d5320fc987e232ed5336f0c9cee956ec08b3f7fe1	467d9a288d24f044d61986309bac655eb24920ccc9aa8b48bf9082e8926d4caa	false	467d9a288d24f044d61986309bac655eb24920ccc9aa8b48bf9082e8926d4caa	offline-frozen-source-state	parse-only-controller-no-executors-or-nodes
darinpope_jenkinsfile-library.Jenkinsfile	corpus-062-darinpope_jenkinsfile-library	a3d655644fd87b7faaef8ac2024f689a35bb3d5d34d2e82ac284eeb7f7ba52c4	470945abc7055cb6829dff63fa1f708153eeaf0e85f6f2a434967bd2b998611e	false	470945abc7055cb6829dff63fa1f708153eeaf0e85f6f2a434967bd2b998611e	offline-frozen-source-state	parse-only-controller-no-executors-or-nodes
devops-ws_learn-pipeline-java.Jenkinsfile	corpus-063-devops-ws_learn-pipeline-java	38d8798a5d4d068f5b12ffde42cbc35b6c51621b9eb2ba042f31de76ff013f95	758fa6c6e4fdb83c1c690e5a2b858c48fd53e92d123eceb0aa667907aa2273a1	false	758fa6c6e4fdb83c1c690e5a2b858c48fd53e92d123eceb0aa667907aa2273a1	offline-frozen-source-state	parse-only-controller-no-executors-or-nodes
eggsy84_gcp-spring-boot-app.Jenkinsfile	corpus-064-eggsy84_gcp-spring-boot-app	3daa17e4e696aa3a7022ff84d31c26bc00980ecf2e24c5c727c3c5f6085b8554	30c777ec8159a7cd5511793dbc8cdbdabdb36492dc32858685308af22ebd131d	false	30c777ec8159a7cd5511793dbc8cdbdabdb36492dc32858685308af22ebd131d	offline-frozen-source-state	parse-only-controller-no-executors-or-nodes
eldada_jenkins-pipeline-kubernetes.Jenkinsfile	corpus-065-eldada_jenkins-pipeline-kubernetes	8a5f2aaaa58045e9695cd74d2e90d747ac4a57171d4562a7259c76ac712c8dd3	f56f185ec00f37ca2e7cf16ab90956c4ee1d3434cbb0ade8f8de44344e0cf034	false	f56f185ec00f37ca2e7cf16ab90956c4ee1d3434cbb0ade8f8de44344e0cf034	offline-frozen-source-state	parse-only-controller-no-executors-or-nodes
esign-consulting_logistics.Jenkinsfile	corpus-066-esign-consulting_logistics	e32fe14bd82f319973659895f4779c58172845f014f78b0093cb6453d639bfd2	1cab802d908b95bba0ca40c55f1a16c0d14dc7485524813da8fd85a50579c332	false	1cab802d908b95bba0ca40c55f1a16c0d14dc7485524813da8fd85a50579c332	offline-frozen-source-state	parse-only-controller-no-executors-or-nodes
everflux_angular-jenkinsfile.Jenkinsfile	corpus-067-everflux_angular-jenkinsfile	c403101edc7a0ae8666dbff05f49a8feb47409f950b8f9c492351d91edc456c7	b29cc31e76b0faa0c90601db956135ad4b4b28feb6f247d22f30a1f8eea1c9cb	false	b29cc31e76b0faa0c90601db956135ad4b4b28feb6f247d22f30a1f8eea1c9cb	offline-frozen-source-state	parse-only-controller-no-executors-or-nodes
evry-ace_jenkins-ace-library.Jenkinsfile	corpus-068-evry-ace_jenkins-ace-library	5fc3f77c99fe404393360807502a46e0b49136bc8d6a258ca74eb44f2a4b2e34	27e7b319303cb01aad16ba100c75ffdd149490d697465fde4595682d580ec15d	false	27e7b319303cb01aad16ba100c75ffdd149490d697465fde4595682d580ec15d	offline-frozen-source-state	parse-only-controller-no-executors-or-nodes
executeautomation_JenkinsPipeline.Jenkinsfile	corpus-069-executeautomation_JenkinsPipeline	60cd06cc720ee780c41deea9e3e67a8d99ed9699fa8f3b69070d00a6529f024c	be8cca239c1e772789027077f294b8a2261c4bc3daea3a4cdf9fec38bf9de1cc	false	be8cca239c1e772789027077f294b8a2261c4bc3daea3a4cdf9fec38bf9de1cc	offline-frozen-source-state	parse-only-controller-no-executors-or-nodes
fabric8io_fabric8-pipeline-library.Jenkinsfile	corpus-070-fabric8io_fabric8-pipeline-library	5bbebbc67332644e33394b15b4641d6f27d31e0103970e1aa2b0110b93513b46	30ca04ddfd7b2c1619dd73b7b01065cc47278e2a5d83567dc9dbbe48efbaa021	false	30ca04ddfd7b2c1619dd73b7b01065cc47278e2a5d83567dc9dbbe48efbaa021	offline-frozen-source-state	parse-only-controller-no-executors-or-nodes
fabric8io_fabric8-platform.Jenkinsfile	corpus-071-fabric8io_fabric8-platform	852457ab7957b38a63fb9cd96422af2fd3646a56d93ea371fc44ed1c4e5a105b	697adaed810621bbabd23a6db0dcf475664c208609d5b7caf6f5cd26f72ad84d	false	697adaed810621bbabd23a6db0dcf475664c208609d5b7caf6f5cd26f72ad84d	offline-frozen-source-state	parse-only-controller-no-executors-or-nodes
fatimajamali81_jenkins-iis-cicd-pipeline.Jenkinsfile	corpus-072-fatimajamali81_jenkins-iis-cicd-pipeline	931c3a702933a1ce2155e45c7ea6b1773d428d65a45da10c7b4063d1e57e625c	9751f1b44a40124f64378c1d9d72e01755aa66f483e4193a6e2a864bb572d77b	false	9751f1b44a40124f64378c1d9d72e01755aa66f483e4193a6e2a864bb572d77b	offline-frozen-source-state	parse-only-controller-no-executors-or-nodes
gdemengin_pipeline-logparser.Jenkinsfile	corpus-073-gdemengin_pipeline-logparser	b9426d412aea538ed9578e3a212fc1a3d6001af7cb5a4238cb625396f796bcb1	18a7d63074245fcc9e09c917fb32e83b76e9c46d6a1b9850c9fd474033c61ee5	false	18a7d63074245fcc9e09c917fb32e83b76e9c46d6a1b9850c9fd474033c61ee5	offline-frozen-source-state	parse-only-controller-no-executors-or-nodes
gfkse_jenkins-shared-library.Jenkinsfile	corpus-074-gfkse_jenkins-shared-library	4f71168e15e063578d8af5c9a1aa44bad2353755be90ca1796b1262edb7b5cb8	967945aa8b047f8f352e1b88a505a6c4c5c6aad0e25a691980dcd1cfeb4890eb	false	967945aa8b047f8f352e1b88a505a6c4c5c6aad0e25a691980dcd1cfeb4890eb	offline-frozen-source-state	parse-only-controller-no-executors-or-nodes
griddynamics-archive_mpl.Jenkinsfile	corpus-075-griddynamics-archive_mpl	6e3e96d496d55ad80f7c21445a7da03a166ed6b173af7ee89287936a9e2d2c12	f22017234e611390327cbdea6867a6f5ce00733197b5a30217b71c6cf3b58010	false	f22017234e611390327cbdea6867a6f5ce00733197b5a30217b71c6cf3b58010	offline-frozen-source-state	parse-only-controller-no-executors-or-nodes
hakdogan_jenkins-pipeline.Jenkinsfile	corpus-076-hakdogan_jenkins-pipeline	d52e6ce8f3b183c791b7adf764bfedc3a83c4229c11a3b8a78c82972d162a20b	94e030b42bf3fecede540d88647051517a6817486a24d7165a5086dfdc95c2af	false	94e030b42bf3fecede540d88647051517a6817486a24d7165a5086dfdc95c2af	offline-frozen-source-state	parse-only-controller-no-executors-or-nodes
hamitmizrak_Devops_Jenkinsfile.Jenkinsfile	corpus-077-hamitmizrak_Devops_Jenkinsfile	19358b0c5e5866970a2d9b0826ffc01ec7e0ddb56ffe341d4146eeb6851ba625	f6f5c2a3bcf560c3c2d6a21b049c3705ee466c6950d60e8311ad70bee95b69f7	false	f6f5c2a3bcf560c3c2d6a21b049c3705ee466c6950d60e8311ad70bee95b69f7	offline-frozen-source-state	parse-only-controller-no-executors-or-nodes
holdennguyen_cicd-pipeline-java-webapp.Jenkinsfile	corpus-078-holdennguyen_cicd-pipeline-java-webapp	6d00a3f333de0481f0b8b7dd6072eb9f5eeb8b3af624f41af02f3c1325ca1d8f	64dea47903573b9fb3bdc32b89ccf1de3d5b98525a99e907a1d133840110c3dc	false	64dea47903573b9fb3bdc32b89ccf1de3d5b98525a99e907a1d133840110c3dc	offline-frozen-source-state	parse-only-controller-no-executors-or-nodes
hungbang_spring-boot-aws-docdb-example.Jenkinsfile	corpus-079-hungbang_spring-boot-aws-docdb-example	7b7cb412f7a1a989b0dc552f9a74f9c01db2d680dbfac8bf183c75a14f12572d	bd099f605eb4907b1bd37ceb4d92f06ca82e32689ea2942008a886e5bdb20cc5	false	bd099f605eb4907b1bd37ceb4d92f06ca82e32689ea2942008a886e5bdb20cc5	offline-frozen-source-state	parse-only-controller-no-executors-or-nodes
ishrivatsa_terraform-vault-jenkins.Jenkinsfile	corpus-080-ishrivatsa_terraform-vault-jenkins	abb65459d7933600fc5a87754adc73487186c6613b9652dd6f0bd8e40451a0c1	f0d220706a4d8db57d3c01a6209af5b27149e04c34b42552beeaa6f9f583595f	false	f0d220706a4d8db57d3c01a6209af5b27149e04c34b42552beeaa6f9f583595f	offline-frozen-source-state	parse-only-controller-no-executors-or-nodes
j8kin_habr-jenkinsfile.Jenkinsfile	corpus-081-j8kin_habr-jenkinsfile	670ee9054f043a91ffceba10dbd0f676373142441bc090a1fe2897cc38d929ab	2ce12b991329fc8ede7b091798574a4f93db4d350c532dd942ce784c2831ed3d	false	2ce12b991329fc8ede7b091798574a4f93db4d350c532dd942ce784c2831ed3d	offline-frozen-source-state	parse-only-controller-no-executors-or-nodes
jalogut_jenkinsfile-basic-sample.Jenkinsfile	corpus-082-jalogut_jenkinsfile-basic-sample	5532d468c83ddeb935662dabc65b6a33e447d0c65655121ad01aa1054bd6feca	ba57d418b05d39e4e420dbecb1017108b0f91ca18712128d5714e75a44e6e8c3	false	ba57d418b05d39e4e420dbecb1017108b0f91ca18712128d5714e75a44e6e8c3	offline-frozen-source-state	parse-only-controller-no-executors-or-nodes
jalogut_jenkinsfile-shared-library-sample.Jenkinsfile	corpus-083-jalogut_jenkinsfile-shared-library-sample	18ac32bcfffa69f9bb8a49d1d8bd58bc54a972293448cd2bf0f8f32f5ec33b5b	6ff459b20c4d6e70823ce12236f92a93e6d58953de403a4a4ced00031b0ce554	false	6ff459b20c4d6e70823ce12236f92a93e6d58953de403a4a4ced00031b0ce554	offline-frozen-source-state	parse-only-controller-no-executors-or-nodes
jenkins-infra_jenkins.io.Jenkinsfile	corpus-084-jenkins-infra_jenkins-io	699c4aac6affe1de0287cb9df6276ba93638fdc84cc2f30d22b97f105d4c9108	3fdd26fc8edc3e14e195db77b8fa3bb4bbc49de328168986b4098ad21c21b1b6	false	3fdd26fc8edc3e14e195db77b8fa3bb4bbc49de328168986b4098ad21c21b1b6	offline-frozen-source-state	parse-only-controller-no-executors-or-nodes
jenkins-infra_pipeline-library.Jenkinsfile	corpus-085-jenkins-infra_pipeline-library	58f5907f727081938d5d116288087a6129cf6e3b0f85ec94308374ffbf377b59	213817a2471fc8d63f86f046d68658944988e9b0b6075d5ca1056e08afd5eb24	false	213817a2471fc8d63f86f046d68658944988e9b0b6075d5ca1056e08afd5eb24	offline-frozen-source-state	parse-only-controller-no-executors-or-nodes
jenkins-infra_update-center2.Jenkinsfile	corpus-086-jenkins-infra_update-center2	4acb93ca16c23401d58d666c79b386d8fac10dab7e278e8894625b8ff275f3a7	27365dd44216f031015af392375b630f58239395fbf7a6ecedf18c81a4bc594a	false	27365dd44216f031015af392375b630f58239395fbf7a6ecedf18c81a4bc594a	offline-frozen-source-state	parse-only-controller-no-executors-or-nodes
jenkins-zh_jenkins-cli.Jenkinsfile	corpus-087-jenkins-zh_jenkins-cli	e8f9ccd76aff24c7ef2371265fef02dd2a3b5859aaa428cc9b2b6fda2b6e7544	a33c7671a9d157a4ad5da9396dee0253b3e746add732317c7fd09aadef25fd8c	false	a33c7671a9d157a4ad5da9396dee0253b3e746add732317c7fd09aadef25fd8c	offline-frozen-source-state	parse-only-controller-no-executors-or-nodes
jenkinsci_JenkinsPipelineUnit.Jenkinsfile	corpus-088-jenkinsci_JenkinsPipelineUnit	13da81a95e8b31e9fd3bd4fc0263b480970a7da9c78cb67ff23f016f21fe111b	e0bf2719e6ac8bb3e4a9e3794866f0ff04f0cdef5bd54878d9ad83551003e424	false	e0bf2719e6ac8bb3e4a9e3794866f0ff04f0cdef5bd54878d9ad83551003e424	offline-frozen-source-state	parse-only-controller-no-executors-or-nodes
jenkinsci_amazon-ecs-plugin.Jenkinsfile	corpus-089-jenkinsci_amazon-ecs-plugin	5f73e8a6f186be327095bec7598ce879a8ab2d6502c06a277f24ffcfc4af2ff8	892928f1396792e4b84b572cb24c72c7cbff98167378b8ebc817af4b2b5f1d52	false	892928f1396792e4b84b572cb24c72c7cbff98167378b8ebc817af4b2b5f1d52	offline-frozen-source-state	parse-only-controller-no-executors-or-nodes
jenkinsci_artifact-promotion-plugin.Jenkinsfile	corpus-090-jenkinsci_artifact-promotion-plugin	0f2cfcd81eaefad4ca0eca04614ed7a26ba8afa36b7b72509f75dfe2825046b4	0d72afa1f0218efcad122200b65659b172d36732405ea87b5a0441ab4e85549a	false	0d72afa1f0218efcad122200b65659b172d36732405ea87b5a0441ab4e85549a	offline-frozen-source-state	parse-only-controller-no-executors-or-nodes
jenkinsci_badge-plugin.Jenkinsfile	corpus-091-jenkinsci_badge-plugin	fd4e348eea0344d1201aa233bca0aba02fbc5e0d62cb592d0703134a1e3f5a88	a00ab15650f81e32a0f4395aef789f7c3c9dd8dd43c1ea79bb679f61decedcdb	false	a00ab15650f81e32a0f4395aef789f7c3c9dd8dd43c1ea79bb679f61decedcdb	offline-frozen-source-state	parse-only-controller-no-executors-or-nodes
jenkinsci_bitbucket-push-and-pull-request-plugin.Jenkinsfile	corpus-092-jenkinsci_bitbucket-push-and-pull-request-plugin	c7fc233689035e9d250da826bd98cae3661f8e4e97b911cbcfc1f829f5c6e203	e1ea9a726cc1c03a02e3c5192e64bb312c9ab39b495094bb90a40124e1666a8e	false	e1ea9a726cc1c03a02e3c5192e64bb312c9ab39b495094bb90a40124e1666a8e	offline-frozen-source-state	parse-only-controller-no-executors-or-nodes
jenkinsci_ci.jenkins.io-runner.Jenkinsfile	corpus-093-jenkinsci_ci-jenkins-io-runner	120857360934a075388fde42f87db85dbde96f64a3189c7812754489cd24e652	0ad749b53cff61fd902a4743d075eabf3c7ee9c10db1df3f6cc5c0790cecc633	false	0ad749b53cff61fd902a4743d075eabf3c7ee9c10db1df3f6cc5c0790cecc633	offline-frozen-source-state	parse-only-controller-no-executors-or-nodes
jenkinsci_code-coverage-api-plugin.Jenkinsfile	corpus-094-jenkinsci_code-coverage-api-plugin	0b646463b0811e630e38e2e202d5696bb85ebd07683f757b2fcb2cd6bc130033	2dbc724eb9c64debba7fb4f0f1184560ad61f397497c0318a708723de37e912b	false	2dbc724eb9c64debba7fb4f0f1184560ad61f397497c0318a708723de37e912b	offline-frozen-source-state	parse-only-controller-no-executors-or-nodes
jenkinsci_config-driven-pipeline-plugin.Jenkinsfile	corpus-095-jenkinsci_config-driven-pipeline-plugin	80198b1c4924ac766071f98471f96d52b61065e090c5b3bab3509342d66efe60	9437ff67ad04a4d38129e0dde3bc33aeffbab3d4244c90ffe079c7a55c708c66	false	9437ff67ad04a4d38129e0dde3bc33aeffbab3d4244c90ffe079c7a55c708c66	offline-frozen-source-state	parse-only-controller-no-executors-or-nodes
jenkinsci_configuration-as-code-plugin.Jenkinsfile	corpus-096-jenkinsci_configuration-as-code-plugin	5bff7652bd85527813093eef4214eb1925233329ed474b6c1a514f25b3410a31	34e146878e818bcee52def48c05040cfa175a1d945f371cba2cca7db3475e598	false	34e146878e818bcee52def48c05040cfa175a1d945f371cba2cca7db3475e598	offline-frozen-source-state	parse-only-controller-no-executors-or-nodes
jenkinsci_credentials-plugin.Jenkinsfile	corpus-097-jenkinsci_credentials-plugin	68c9f56995af2b91bc74f5096504eaaca563bc66e5e6a31c2c53dc6fb35af502	d29e85c0fbb620f55d3bebb9cd05845bdd9ac9686cbe7a1b757ee809fef6b73d	false	d29e85c0fbb620f55d3bebb9cd05845bdd9ac9686cbe7a1b757ee809fef6b73d	offline-frozen-source-state	parse-only-controller-no-executors-or-nodes
jenkinsci_declarative-pipeline-migration-assistant-plugin.Jenkinsfile	corpus-098-jenkinsci_declarative-pipeline-migration-assista	e5984b6e327d51e346858b9e3947aedfd899d74abecaf5bc89f8a5ddba73ae1e	849388717070601c9866501c525cce095f28aefe21f2eb58b7185ce81f5b8c65	false	849388717070601c9866501c525cce095f28aefe21f2eb58b7185ce81f5b8c65	offline-frozen-source-state	parse-only-controller-no-executors-or-nodes
jenkinsci_dependency-track-plugin.Jenkinsfile	corpus-099-jenkinsci_dependency-track-plugin	84f7354002eadab110093946401b89a7a93dd6253e38261dfb2b3b21c8d65b7b	b5ba272424d3aa0413b398a0596542df80871b976d320b65e86f5cae1a5dd6f5	false	b5ba272424d3aa0413b398a0596542df80871b976d320b65e86f5cae1a5dd6f5	offline-frozen-source-state	parse-only-controller-no-executors-or-nodes
jenkinsci_dingtalk-plugin.Jenkinsfile	corpus-100-jenkinsci_dingtalk-plugin	2c9c377442fad91a08706070df67c33aac0bcd67d9c77ddf7da17f24b4491495	69ef4f29babd8cc32eb4daeb22ea833be7426f62810d8fd89b5790d57b4c023c	false	69ef4f29babd8cc32eb4daeb22ea833be7426f62810d8fd89b5790d57b4c023c	offline-frozen-source-state	parse-only-controller-no-executors-or-nodes
jenkinsci_docker-agents.Jenkinsfile	corpus-101-jenkinsci_docker-agents	29f798dcc8fce286da8e029e2d3a14b90354c2873070ba07be8e1c9e54ecc5d1	54eaaa74c237b4458538d3542bec1485bc78bc977570b7bbe69965c7a7e5ef24	false	54eaaa74c237b4458538d3542bec1485bc78bc977570b7bbe69965c7a7e5ef24	offline-frozen-source-state	parse-only-controller-no-executors-or-nodes
jenkinsci_docker-inbound-agent.Jenkinsfile	corpus-102-jenkinsci_docker-inbound-agent	fe92c5c622251d36af3c17e5886e556647f89274eb3dd93ed007ce6271a319ed	1f2c789e1f4ec994b672f32bc171961f98327c088e66b48e4c9db0d7761bbdec	false	1f2c789e1f4ec994b672f32bc171961f98327c088e66b48e4c9db0d7761bbdec	offline-frozen-source-state	parse-only-controller-no-executors-or-nodes
jenkinsci_docker-plugin.Jenkinsfile	corpus-103-jenkinsci_docker-plugin	e15d4a3ecc7925d970522b346428f1dabcf4ee47a1c03dca648644a56d87a2a7	e07e0935f8704d263e5e60972c1ba6e0dd60cad83147513e69871fc13407fb06	false	e07e0935f8704d263e5e60972c1ba6e0dd60cad83147513e69871fc13407fb06	offline-frozen-source-state	parse-only-controller-no-executors-or-nodes
jenkinsci_docker-workflow-plugin.Jenkinsfile	corpus-104-jenkinsci_docker-workflow-plugin	ccbb4950c627a19a7abe89aa528df519a23c890bfc2a90c13b8cebea2c47df9d	28fdb7ce57060b622e4f0ae6a2471b7458a730cc2ca0c6d00f0a5bc0d5bdc8ff	false	28fdb7ce57060b622e4f0ae6a2471b7458a730cc2ca0c6d00f0a5bc0d5bdc8ff	offline-frozen-source-state	parse-only-controller-no-executors-or-nodes
jenkinsci_docker.Jenkinsfile	corpus-105-jenkinsci_docker	ee7b6142f031ab10faddfd706a2ca9083ced99950de40efe08bfbffd83a12bfc	06230c893b1ddc106fa4c6c3914844071e0f369a8f33277701cab7695c75486f	false	06230c893b1ddc106fa4c6c3914844071e0f369a8f33277701cab7695c75486f	offline-frozen-source-state	parse-only-controller-no-executors-or-nodes
jenkinsci_gitea-plugin.Jenkinsfile	corpus-106-jenkinsci_gitea-plugin	2c9c377442fad91a08706070df67c33aac0bcd67d9c77ddf7da17f24b4491495	38cdbc2d0285f6ed78054bf5f35be79969fbbbafbacb799e9539f62c4b96031d	false	38cdbc2d0285f6ed78054bf5f35be79969fbbbafbacb799e9539f62c4b96031d	offline-frozen-source-state	parse-only-controller-no-executors-or-nodes
jenkinsci_github-branch-source-plugin.Jenkinsfile	corpus-107-jenkinsci_github-branch-source-plugin	1d4949843d59f708ecaa47ca54f15c7147bc90a053a83ba82668430c062998a1	b491739d473c4ac1ab1b33dd3b1d083f9e61fa476c0972f72294ebfda7422f4c	false	b491739d473c4ac1ab1b33dd3b1d083f9e61fa476c0972f72294ebfda7422f4c	offline-frozen-source-state	parse-only-controller-no-executors-or-nodes
jenkinsci_github-pr-comment-build-plugin.Jenkinsfile	corpus-108-jenkinsci_github-pr-comment-build-plugin	7633c4b9cc8301b48bf93858cee29aaf9db01611dde9b407023b2dae5cf4b7f1	a0a089b8f48ac89ca45b85f43c6f7d5ae4b5cb349ee528a15ec6f12b26563e53	false	a0a089b8f48ac89ca45b85f43c6f7d5ae4b5cb349ee528a15ec6f12b26563e53	offline-frozen-source-state	parse-only-controller-no-executors-or-nodes
jenkinsci_gitlab-branch-source-plugin.Jenkinsfile	corpus-109-jenkinsci_gitlab-branch-source-plugin	9991ad6648d0f75306dc316fb41fddc8975170a2b76c19641038375cff356c76	9f4f91b3457c0fa0ed8a9e9309f1b11d83309af68acea8813fe0545d30507fcf	false	9f4f91b3457c0fa0ed8a9e9309f1b11d83309af68acea8813fe0545d30507fcf	offline-frozen-source-state	parse-only-controller-no-executors-or-nodes
jenkinsci_groovy-sandbox.Jenkinsfile	corpus-110-jenkinsci_groovy-sandbox	8644ca45226ab32b85a8eb833910235699d5ad7e339e6808064b982c3cf2455b	37ae6b197a5fd58da995ef2ddb53780c88782d754c8695fce181a9816e99abb3	false	37ae6b197a5fd58da995ef2ddb53780c88782d754c8695fce181a9816e99abb3	offline-frozen-source-state	parse-only-controller-no-executors-or-nodes
jenkinsci_hashicorp-vault-pipeline-plugin.Jenkinsfile	corpus-111-jenkinsci_hashicorp-vault-pipeline-plugin	80198b1c4924ac766071f98471f96d52b61065e090c5b3bab3509342d66efe60	b83420a8351059828bce2d481e95e9b4260ca858865f17283751c85bd02265ce	false	b83420a8351059828bce2d481e95e9b4260ca858865f17283751c85bd02265ce	offline-frozen-source-state	parse-only-controller-no-executors-or-nodes
jenkinsci_hashicorp-vault-plugin.Jenkinsfile	corpus-112-jenkinsci_hashicorp-vault-plugin	1e7e1bf18e8687b023e5f9f909c6d85485949a390729d60c0dffaf5d0124d0f6	5a1750abfe98468b688ab98393bcbbec0149011a4e3ea6348ee83903deea3b9f	false	5a1750abfe98468b688ab98393bcbbec0149011a4e3ea6348ee83903deea3b9f	offline-frozen-source-state	parse-only-controller-no-executors-or-nodes
jenkinsci_http-request-plugin.Jenkinsfile	corpus-113-jenkinsci_http-request-plugin	fd4e348eea0344d1201aa233bca0aba02fbc5e0d62cb592d0703134a1e3f5a88	3c3c6f1adae53845a5597b5682f68cf57eb98e80eb33799e04cb641afed0404c	false	3c3c6f1adae53845a5597b5682f68cf57eb98e80eb33799e04cb641afed0404c	offline-frozen-source-state	parse-only-controller-no-executors-or-nodes
jenkinsci_hubot-steps-plugin.Jenkinsfile	corpus-114-jenkinsci_hubot-steps-plugin	0e19f52a07de1e261d871fe26db05ebe13d18c1419de79be7e586bc0e1dbae46	ea15dfd9fec222ea3c502759a4b2876cade398258ce2f339b84bb44996ad15c5	false	ea15dfd9fec222ea3c502759a4b2876cade398258ce2f339b84bb44996ad15c5	offline-frozen-source-state	parse-only-controller-no-executors-or-nodes
jenkinsci_jacoco-plugin.Jenkinsfile	corpus-115-jenkinsci_jacoco-plugin	93d7dd0647b3341229f8e01a6714a66c4a34c3e2231caf9cfc682d727bc80d31	3bd02ad5bdd8c7b4dbb07e58830dc63c9e795ca347af781aa2a11509ca5ebfa0	false	3bd02ad5bdd8c7b4dbb07e58830dc63c9e795ca347af781aa2a11509ca5ebfa0	offline-frozen-source-state	parse-only-controller-no-executors-or-nodes
jenkinsci_jenkins-test-harness.Jenkinsfile	corpus-116-jenkinsci_jenkins-test-harness	022b3ad781565a65b6392131e03e638f91a031d7f122aeccb83a39e4b9441053	fbc564fae24f02cdbc13c7faf9744ff87dafe5577934d1ebd966bc025211672e	false	fbc564fae24f02cdbc13c7faf9744ff87dafe5577934d1ebd966bc025211672e	offline-frozen-source-state	parse-only-controller-no-executors-or-nodes
jenkinsci_jenkins.Jenkinsfile	corpus-117-jenkinsci_jenkins	4f6561bd2bbbad86a447d9ff0bebb093a93b659a4ebc061765ea3c14a3e8e0a0	6195a80fce1d63fadfaf55548a3ba02c981b73a68aceeb9f131b71712e96d484	false	6195a80fce1d63fadfaf55548a3ba02c981b73a68aceeb9f131b71712e96d484	offline-frozen-source-state	parse-only-controller-no-executors-or-nodes
jenkinsci_jenkinsfile-runner-test-framework.Jenkinsfile	corpus-118-jenkinsci_jenkinsfile-runner-test-framework	358c6941a591ad6a65b711d073380c3871225ad3024f1bb7828eca752fad48fe	5d396168ea4e0a0d98c567d0d40ce5edbd3b05b001e20aff8eabb495bf607861	false	5d396168ea4e0a0d98c567d0d40ce5edbd3b05b001e20aff8eabb495bf607861	offline-frozen-source-state	parse-only-controller-no-executors-or-nodes
jenkinsci_jenkinsfile-runner.Jenkinsfile	corpus-119-jenkinsci_jenkinsfile-runner	eec536bc5a61ab981e38ad22a9d2b2d8790fa24346ee1570c526f4a7b4cdac1d	a6be56ba3e9c7c9418486c77d5cea9e4d63627b3f98789cf8c89056522fb8584	false	a6be56ba3e9c7c9418486c77d5cea9e4d63627b3f98789cf8c89056522fb8584	offline-frozen-source-state	parse-only-controller-no-executors-or-nodes
jenkinsci_jira-plugin.Jenkinsfile	corpus-120-jenkinsci_jira-plugin	2418db0419db981fff33d651a56dae2e413f1195b8c857434d77201a9b3a6c73	3e8d4659b1f6ac24271128ffd694f27cf87628f31c5efb7f53827eac4f74b293	false	3e8d4659b1f6ac24271128ffd694f27cf87628f31c5efb7f53827eac4f74b293	offline-frozen-source-state	parse-only-controller-no-executors-or-nodes
jenkinsci_jira-steps-plugin.Jenkinsfile	corpus-121-jenkinsci_jira-steps-plugin	6741dfe98c1f76eb5afce3afba9244aae936d126ceda0501cde1635addd82a34	6be664c48c9f884cf854b127ad9eda2a4d6b9fabb5fdac6b905a659739f5dd73	false	6be664c48c9f884cf854b127ad9eda2a4d6b9fabb5fdac6b905a659739f5dd73	offline-frozen-source-state	parse-only-controller-no-executors-or-nodes
jenkinsci_jira-trigger-plugin.Jenkinsfile	corpus-122-jenkinsci_jira-trigger-plugin	4a350781a740f595c964904209c87c1ebd6edc593a8f000b2c8989e12d257705	5c092651982d9a7d2dd1c4a175802a37a852a7b662d5120b95111c94d06e12d7	false	5c092651982d9a7d2dd1c4a175802a37a852a7b662d5120b95111c94d06e12d7	offline-frozen-source-state	parse-only-controller-no-executors-or-nodes
jenkinsci_job-dsl-plugin.Jenkinsfile	corpus-123-jenkinsci_job-dsl-plugin	f196d856a3d76a94dc83baad44026c74aff002f1d6ec3f5770af0eab1ddb128a	268e075d9d686de7bad2e9cadffae1d48e89225fb258fa0158ed3d7ec8528f47	false	268e075d9d686de7bad2e9cadffae1d48e89225fb258fa0158ed3d7ec8528f47	offline-frozen-source-state	parse-only-controller-no-executors-or-nodes
jenkinsci_labelled-steps-plugin.Jenkinsfile	corpus-124-jenkinsci_labelled-steps-plugin	80198b1c4924ac766071f98471f96d52b61065e090c5b3bab3509342d66efe60	d414a4ec627cdaae9871119cb0492743ddc2478e8979ef474e9e6492249f51da	false	d414a4ec627cdaae9871119cb0492743ddc2478e8979ef474e9e6492249f51da	offline-frozen-source-state	parse-only-controller-no-executors-or-nodes
jenkinsci_multiple-scms-plugin.Jenkinsfile	corpus-125-jenkinsci_multiple-scms-plugin	720d91feaca7b23741bb4add507acafebfff88c299378ae9c140f981db1a99bc	6fc6f93b394d914818a7bba16bac91e91a8e19b7b331ed8e1186003c33b44c91	false	6fc6f93b394d914818a7bba16bac91e91a8e19b7b331ed8e1186003c33b44c91	offline-frozen-source-state	parse-only-controller-no-executors-or-nodes
jenkinsci_nested-data-reporting-plugin.Jenkinsfile	corpus-126-jenkinsci_nested-data-reporting-plugin	731e5f2c2734d700515389452d11c8fae0db978736efc6c0d7cb4ae2d003678b	22ad77fcaca5c844e45ddfcf975a79e96b000803d97deb959a853cf27fffd2e1	false	22ad77fcaca5c844e45ddfcf975a79e96b000803d97deb959a853cf27fffd2e1	offline-frozen-source-state	parse-only-controller-no-executors-or-nodes
jenkinsci_opentelemetry-plugin.Jenkinsfile	corpus-127-jenkinsci_opentelemetry-plugin	cc986eb958d8fd7edf78421dec3fa7a1f00a9a122e53278e5ccb4752fd0898a5	776f8c58932cbf1032b7981296f1b29a5448404aa5eba046914472446f6d15d0	false	776f8c58932cbf1032b7981296f1b29a5448404aa5eba046914472446f6d15d0	offline-frozen-source-state	parse-only-controller-no-executors-or-nodes
jenkinsci_performance-plugin.Jenkinsfile	corpus-128-jenkinsci_performance-plugin	b0fc17a836a5be2da7abb228b21dce0eb5e4dd339b979147b583a76c639fa624	3ea2b0e00b54db6b727c9c246a2441afed0c2dd2cddbed878973ed9c7d830197	false	3ea2b0e00b54db6b727c9c246a2441afed0c2dd2cddbed878973ed9c7d830197	offline-frozen-source-state	parse-only-controller-no-executors-or-nodes
jenkinsci_pipeline-as-yaml-plugin.Jenkinsfile	corpus-129-jenkinsci_pipeline-as-yaml-plugin	2418db0419db981fff33d651a56dae2e413f1195b8c857434d77201a9b3a6c73	3dc78bc4042960545ba7e92cfbee751e88a1b0df2801661b6bd3e2e364981c5f	false	3dc78bc4042960545ba7e92cfbee751e88a1b0df2801661b6bd3e2e364981c5f	offline-frozen-source-state	parse-only-controller-no-executors-or-nodes
jenkinsci_pipeline-aws-plugin.Jenkinsfile	corpus-130-jenkinsci_pipeline-aws-plugin	2c9c377442fad91a08706070df67c33aac0bcd67d9c77ddf7da17f24b4491495	b6b33d4571fab2622732e45abb763aace9eec0ac069e3c4293029cd32d67b872	false	b6b33d4571fab2622732e45abb763aace9eec0ac069e3c4293029cd32d67b872	offline-frozen-source-state	parse-only-controller-no-executors-or-nodes
jenkinsci_pipeline-cloudwatch-logs-plugin.Jenkinsfile	corpus-131-jenkinsci_pipeline-cloudwatch-logs-plugin	ee46ae4f5ec16a81250cee4a5dbb8bae48ee4a8905e8d42c1d043d9f6bcdd514	efb07378befde8e3fc49c8b2043b917259692dc9bde453ae769884cb3f540e49	false	efb07378befde8e3fc49c8b2043b917259692dc9bde453ae769884cb3f540e49	offline-frozen-source-state	parse-only-controller-no-executors-or-nodes
jenkinsci_pipeline-github-lib-plugin.Jenkinsfile	corpus-132-jenkinsci_pipeline-github-lib-plugin	1d4949843d59f708ecaa47ca54f15c7147bc90a053a83ba82668430c062998a1	620dfd3364220bf26e874339bc6d0edcf98a2d7fd82ae8e54e037377ace5ba66	false	620dfd3364220bf26e874339bc6d0edcf98a2d7fd82ae8e54e037377ace5ba66	offline-frozen-source-state	parse-only-controller-no-executors-or-nodes
jenkinsci_pipeline-githubnotify-step-plugin.Jenkinsfile	corpus-133-jenkinsci_pipeline-githubnotify-step-plugin	80198b1c4924ac766071f98471f96d52b61065e090c5b3bab3509342d66efe60	df97ec57d2d7f157eddff273176ac5c7503f8a67538c6b9780109c8edc121f68	false	df97ec57d2d7f157eddff273176ac5c7503f8a67538c6b9780109c8edc121f68	offline-frozen-source-state	parse-only-controller-no-executors-or-nodes
jenkinsci_pipeline-gitstatuswrapper-plugin.Jenkinsfile	corpus-134-jenkinsci_pipeline-gitstatuswrapper-plugin	80198b1c4924ac766071f98471f96d52b61065e090c5b3bab3509342d66efe60	848466c86029ae7e95e8b53d3d4b30308f015c0b830c0a8b3f506bba9e8090e3	false	848466c86029ae7e95e8b53d3d4b30308f015c0b830c0a8b3f506bba9e8090e3	offline-frozen-source-state	parse-only-controller-no-executors-or-nodes
jenkinsci_pipeline-graph-view-plugin.Jenkinsfile	corpus-135-jenkinsci_pipeline-graph-view-plugin	5280e9c06148f8992902115713b4608619583623e59492ec51f4568b126576b5	3085db54183b5bb2ea5e67844e5b646c3ba30af80c248d2f898a33e53b1210e1	false	3085db54183b5bb2ea5e67844e5b646c3ba30af80c248d2f898a33e53b1210e1	offline-frozen-source-state	parse-only-controller-no-executors-or-nodes
jenkinsci_pipeline-maven-plugin.Jenkinsfile	corpus-136-jenkinsci_pipeline-maven-plugin	60fd3138cbd47c3599a1fd75d90a414dcaeb27b8997c951447d1577d046c5b7d	03ba066cba7bc9338dff325bd57ee1f881491383729529f562f7305fe4d12e1b	false	03ba066cba7bc9338dff325bd57ee1f881491383729529f562f7305fe4d12e1b	offline-frozen-source-state	parse-only-controller-no-executors-or-nodes
jenkinsci_pipeline-model-definition-plugin.Jenkinsfile	corpus-137-jenkinsci_pipeline-model-definition-plugin	5187332d0919ef802ec9c3f956ebe87ecbe33ee86869a6d78c74d5be24071704	57d56215fb537b07351a0ad39e2654c12658347cb76c1acf7e17e9ca8309b8cb	false	57d56215fb537b07351a0ad39e2654c12658347cb76c1acf7e17e9ca8309b8cb	offline-frozen-source-state	parse-only-controller-no-executors-or-nodes
jenkinsci_pipeline-stage-view-plugin.Jenkinsfile	corpus-138-jenkinsci_pipeline-stage-view-plugin	a19c8600702d7b479e9028d1907b97d7a7db091f671f2d0ab0a4b26e62088fe3	3d8b55a3c92009f8b01070b497efb10ef89367bcdf38f9e976f0ed9953c06fd0	false	3d8b55a3c92009f8b01070b497efb10ef89367bcdf38f9e976f0ed9953c06fd0	offline-frozen-source-state	parse-only-controller-no-executors-or-nodes
jenkinsci_pipeline-utility-steps-plugin.Jenkinsfile	corpus-139-jenkinsci_pipeline-utility-steps-plugin	f196d856a3d76a94dc83baad44026c74aff002f1d6ec3f5770af0eab1ddb128a	7092e60f39f3176ebf8e41e4ca37eb3ad198d7944a02ea27fe965d987eb810fd	false	7092e60f39f3176ebf8e41e4ca37eb3ad198d7944a02ea27fe965d987eb810fd	offline-frozen-source-state	parse-only-controller-no-executors-or-nodes
jenkinsci_plot-plugin.Jenkinsfile	corpus-140-jenkinsci_plot-plugin	4d39659fb9074dc182c76cb2899eb3ef54c78b79dd0afd08390a257ba53b2995	87381a4f4b2cb48e15a4189fc26955dda291d9c64ca57698efa18e8d617b76d2	false	87381a4f4b2cb48e15a4189fc26955dda291d9c64ca57698efa18e8d617b76d2	offline-frozen-source-state	parse-only-controller-no-executors-or-nodes
jenkinsci_plugin-installation-manager-tool.Jenkinsfile	corpus-141-jenkinsci_plugin-installation-manager-tool	0926e30cd2dd73354753881fc1874e124de1f62a6c8ae48a856ac362f8104cd8	28727f1baa40e6a756e8301afdfc9a99586ff003addf726a12869519acdf4261	false	28727f1baa40e6a756e8301afdfc9a99586ff003addf726a12869519acdf4261	offline-frozen-source-state	parse-only-controller-no-executors-or-nodes
jenkinsci_qy-wechat-notification-plugin.Jenkinsfile	corpus-142-jenkinsci_qy-wechat-notification-plugin	80198b1c4924ac766071f98471f96d52b61065e090c5b3bab3509342d66efe60	388a55bbf0f60eb3722440c6eb9f3bc9d627d35d371b4d7702c859640f90bd14	false	388a55bbf0f60eb3722440c6eb9f3bc9d627d35d371b4d7702c859640f90bd14	offline-frozen-source-state	parse-only-controller-no-executors-or-nodes
jenkinsci_remote-file-plugin.Jenkinsfile	corpus-143-jenkinsci_remote-file-plugin	5254abfbbfabc4d767294fd8125b2dfcc56e2732b019d6e184c58892f1496ffc	0be24dd1d07a3cd02dc46f0af84d0214b69a221bdb6c3e85028a150ac7c190de	false	0be24dd1d07a3cd02dc46f0af84d0214b69a221bdb6c3e85028a150ac7c190de	offline-frozen-source-state	parse-only-controller-no-executors-or-nodes
jenkinsci_remoting.Jenkinsfile	corpus-144-jenkinsci_remoting	36877e0e55e64ebc34351313f3d71ee4b28f81e1ea87462b06e47fd2fd60003d	0febd2f399d97426e363f5ffc5054376e1d7d176bcac335f67f349159d29efa5	false	0febd2f399d97426e363f5ffc5054376e1d7d176bcac335f67f349159d29efa5	offline-frozen-source-state	parse-only-controller-no-executors-or-nodes
jenkinsci_role-strategy-plugin.Jenkinsfile	corpus-145-jenkinsci_role-strategy-plugin	7e88e60b7aec9097529af5d7118630cbfcdd9ec7fbf6ed4c9716162e27046ac1	eb26fa8b1b4dd480ea199acef3e78ccc21f95b88be9b5af23031078816d6ce36	false	eb26fa8b1b4dd480ea199acef3e78ccc21f95b88be9b5af23031078816d6ce36	offline-frozen-source-state	parse-only-controller-no-executors-or-nodes
jenkinsci_simple-build-for-pipeline-plugin.Jenkinsfile	corpus-146-jenkinsci_simple-build-for-pipeline-plugin	2845b2c237d731253c3e47325ba39e11b9b838967e17dac5359c17f9f4e21b11	1788bea497b54e06f1532dd2ebd25ae5ab62fec178078589f7999ab886a8d463	false	1788bea497b54e06f1532dd2ebd25ae5ab62fec178078589f7999ab886a8d463	offline-frozen-source-state	parse-only-controller-no-executors-or-nodes
jenkinsci_ssh-steps-plugin.Jenkinsfile	corpus-147-jenkinsci_ssh-steps-plugin	8620258b16c71f5f64c3dcfdd89f3e5cbd5c1cd7e05a10c4bd2abd6d08352dac	dc28467a5676d1458e953de8b6efa5a0c86722881e93ab83da2842216c2885bc	false	dc28467a5676d1458e953de8b6efa5a0c86722881e93ab83da2842216c2885bc	offline-frozen-source-state	parse-only-controller-no-executors-or-nodes
jenkinsci_stashnotifier-plugin.Jenkinsfile	corpus-148-jenkinsci_stashnotifier-plugin	f9026f285b3abe26184b5979b34e96546cc5bc902f7af36489591338ba78a77f	2116b66a5687a0a8345972f62956861fdfba536348f8d6128dd3183d386a8f4d	false	2116b66a5687a0a8345972f62956861fdfba536348f8d6128dd3183d386a8f4d	offline-frozen-source-state	parse-only-controller-no-executors-or-nodes
jenkinsci_subversion-plugin.Jenkinsfile	corpus-149-jenkinsci_subversion-plugin	2418db0419db981fff33d651a56dae2e413f1195b8c857434d77201a9b3a6c73	a09020d3749a5e4e8e91414535b31147c5b22a497c7db243ec5d0f30ba7b91e5	false	a09020d3749a5e4e8e91414535b31147c5b22a497c7db243ec5d0f30ba7b91e5	offline-frozen-source-state	parse-only-controller-no-executors-or-nodes
jenkinsci_swarm-plugin.Jenkinsfile	corpus-150-jenkinsci_swarm-plugin	5f73e8a6f186be327095bec7598ce879a8ab2d6502c06a277f24ffcfc4af2ff8	33c1fec6e4dc42e86124f6bcf0c33b0c6234d9f7f219c7e5b87a4f39fee075e1	false	33c1fec6e4dc42e86124f6bcf0c33b0c6234d9f7f219c7e5b87a4f39fee075e1	offline-frozen-source-state	parse-only-controller-no-executors-or-nodes
jenkinsci_tekton-client-plugin.Jenkinsfile	corpus-151-jenkinsci_tekton-client-plugin	d90a082e45945ad3211850751744c1bf9051beebe23f5d2f1b5fe8d47f1e4345	3ccab1258684755c41e480d76f34101c45063d4616ce99b0f8f4c8c8e667ef9e	false	3ccab1258684755c41e480d76f34101c45063d4616ce99b0f8f4c8c8e667ef9e	offline-frozen-source-state	parse-only-controller-no-executors-or-nodes
jenkinsci_warnings-ng-plugin.Jenkinsfile	corpus-152-jenkinsci_warnings-ng-plugin	953278f0d5ace03574bba987688ea3becce8edaeded21c8f5d4981f9024a4050	9e15623b61184b3049ce965f0206b9ab4e154c1d622c01f2994a761727fe45e2	false	9e15623b61184b3049ce965f0206b9ab4e154c1d622c01f2994a761727fe45e2	offline-frozen-source-state	parse-only-controller-no-executors-or-nodes
jenkinsci_webhook-step-plugin.Jenkinsfile	corpus-153-jenkinsci_webhook-step-plugin	12a7b2eafc9735026146fcb7c3f67c05b643762eb2edd4a204543f42a6daf2e9	cc0a0b95fee395495017ea12b33c6ab879fc8784e45e8a2dc6367cf69c5e9011	false	cc0a0b95fee395495017ea12b33c6ab879fc8784e45e8a2dc6367cf69c5e9011	offline-frozen-source-state	parse-only-controller-no-executors-or-nodes
jenkinsci_workflow-basic-steps-plugin.Jenkinsfile	corpus-154-jenkinsci_workflow-basic-steps-plugin	2cd52a37d94f4b50938a3b388631216a2e3c9e213a93c473716cd3bcc3c73ab0	975ab82db6d6b64156eef9bd126c8009fd4382dd14f7ee92bf0eca80115dd35e	false	975ab82db6d6b64156eef9bd126c8009fd4382dd14f7ee92bf0eca80115dd35e	offline-frozen-source-state	parse-only-controller-no-executors-or-nodes
jenkinsci_workflow-job-plugin.Jenkinsfile	corpus-155-jenkinsci_workflow-job-plugin	a69552cd59c7aa6adac94efaf56983c0492ad0c8ab3e4a3cca4d2cff22f20f2e	3090f0c1695815e7527ce5d4c487e535f544f49f0053deeed796c221489c9363	false	3090f0c1695815e7527ce5d4c487e535f544f49f0053deeed796c221489c9363	offline-frozen-source-state	parse-only-controller-no-executors-or-nodes
jenkinsci_workflow-multibranch-plugin.Jenkinsfile	corpus-156-jenkinsci_workflow-multibranch-plugin	1163d057ade445e43318632820ad8a9b3a5b44fef4be02f3cde11ecbda34efd2	258249f7179e48ba3351d304f05019c9582de0aeb3e4629030a7115fe37b23a1	false	258249f7179e48ba3351d304f05019c9582de0aeb3e4629030a7115fe37b23a1	offline-frozen-source-state	parse-only-controller-no-executors-or-nodes
jerearista_python-jenkinsfile-testing.Jenkinsfile	corpus-157-jerearista_python-jenkinsfile-testing	8dfcee91218f30c5efd20602f9cccad9d15556422539a30556dd4c334f91b070	abac256d96ebc115d991564df72516fe4ac0f7a99a3bb5e3ee8e1505674c79d7	false	abac256d96ebc115d991564df72516fe4ac0f7a99a3bb5e3ee8e1505674c79d7	offline-frozen-source-state	parse-only-controller-no-executors-or-nodes
jjasghar_jenkinsfile_cookbook_pipeline.Jenkinsfile	corpus-158-jjasghar_jenkinsfile_cookbook_pipeline	c7105fd8d3a9fa471961ee1470d1e821038895c98b0bdec02d0853e2c2860988	7350c34f5fffae330dbe51055ac743c3043c2a99e45ecd6fb8e1865f446a108f	false	7350c34f5fffae330dbe51055ac743c3043c2a99e45ecd6fb8e1865f446a108f	offline-frozen-source-state	parse-only-controller-no-executors-or-nodes
judexzhu_Jenkins-Pipeline-CI-CD-with-Helm-on-Kubernetes.Jenkinsfile	corpus-159-judexzhu_Jenkins-Pipeline-CI-CD-with-Helm-on-Kub	3d3ecf7c4a000040ae6ff032844c77e61ff493f6d7fb3a8ed73c82facc79b0ee	3dba2a036579639672ac82dd0ace20666be7478e6b157869074de32fa5f373e4	false	3dba2a036579639672ac82dd0ace20666be7478e6b157869074de32fa5f373e4	offline-frozen-source-state	parse-only-controller-no-executors-or-nodes
jussaragranja_SeleniumEasyTest2.Jenkinsfile	corpus-160-jussaragranja_SeleniumEasyTest2	2d283f063a23c459082a8fe89c787ca93d6d3bb07feea952b16240a179b51201	e1b790fc365f4b512a37f2d94f1b0004a70a1c5357d1a0baed30d07d44f7fdf2	false	e1b790fc365f4b512a37f2d94f1b0004a70a1c5357d1a0baed30d07d44f7fdf2	offline-frozen-source-state	parse-only-controller-no-executors-or-nodes
juvalen_mb-checker.Jenkinsfile	corpus-161-juvalen_mb-checker	1fd302fd679e03d180d14832ff6f9896a97cfff9c7082d845b49f01bed34ceba	9e14a0ddd546cfe33a5a20064c9a6bae14d555d15c0b5712647c4e8024f255e1	false	9e14a0ddd546cfe33a5a20064c9a6bae14d555d15c0b5712647c4e8024f255e1	offline-frozen-source-state	parse-only-controller-no-executors-or-nodes
k11h-de_zap-jenkins.Jenkinsfile	corpus-162-k11h-de_zap-jenkins	070e8f0fa0bff62cfddcba840f65af0258a6a87617b58a43715d9a143c53c246	00cd04a6d7f904a316a802d00b0132069fad6f569e6c5b6cc0b548e338ca6d76	false	00cd04a6d7f904a316a802d00b0132069fad6f569e6c5b6cc0b548e338ca6d76	offline-frozen-source-state	parse-only-controller-no-executors-or-nodes
kenych_jenkins_config_as_code.Jenkinsfile	corpus-163-kenych_jenkins_config_as_code	a87b6e575f902301b4b0ce96faeef8ce0e787f3b722b65bbcc0c8c704f2126c4	7616c53e2b765c48614b098a32e62c5a17996c31d6a1100a394bab2dd34c2879	false	7616c53e2b765c48614b098a32e62c5a17996c31d6a1100a394bab2dd34c2879	offline-frozen-source-state	parse-only-controller-no-executors-or-nodes
kesselborn_jenkinsfile.Jenkinsfile	corpus-164-kesselborn_jenkinsfile	3fc7eba8b2dad4b63694ac47a5dc2d5e530a0598da045685e749c7b2154f8784	bb0ed5cbd793f84eeb1dbd81e2e6798093ff7dff0e2839171b56ebca6d2bd2b3	false	bb0ed5cbd793f84eeb1dbd81e2e6798093ff7dff0e2839171b56ebca6d2bd2b3	offline-frozen-source-state	parse-only-controller-no-executors-or-nodes
kishorebhatia_pipeline-as-code-demo.Jenkinsfile	corpus-165-kishorebhatia_pipeline-as-code-demo	9c9b797a76cb20ac06dde37ea12e0920426dec674911cbb1c6b0ce573b79b83c	c483fff717fd9fe5dcfe9855bde368eea4ac7bd88c06d1c7badc58401c3e07c1	false	c483fff717fd9fe5dcfe9855bde368eea4ac7bd88c06d1c7badc58401c3e07c1	offline-frozen-source-state	parse-only-controller-no-executors-or-nodes
kitconcept_jenkins-pipeline-examples.Jenkinsfile	corpus-166-kitconcept_jenkins-pipeline-examples	1ab49a7b0677a7d16a74fbe7c16265f723328810dd54a4722c70fff07cc83874	ec7ec4d85b2c231d3a05e3901b8685a3fc1d499a22f83d30f21c3df2769cec23	false	ec7ec4d85b2c231d3a05e3901b8685a3fc1d499a22f83d30f21c3df2769cec23	offline-frozen-source-state	parse-only-controller-no-executors-or-nodes
krasi-georgiev_cd-demo.Jenkinsfile	corpus-167-krasi-georgiev_cd-demo	85fddd023ef652d124cffd68c8f4bf33bae7e132a33404c553b36c9b766a64fd	0e8e250a6b5beed0ea73b968f531cf5aadb368a4ec23d096c77fc21032df38a1	false	0e8e250a6b5beed0ea73b968f531cf5aadb368a4ec23d096c77fc21032df38a1	offline-frozen-source-state	parse-only-controller-no-executors-or-nodes
ksuther_jenkins-jenkinsfile-include.Jenkinsfile	corpus-168-ksuther_jenkins-jenkinsfile-include	13d95a44d55afe215ee768d8745f9d932f411be94e4ed32a56c67258434c06ef	5231fa5515b45716ed37e632355c1819778d3a95a1967ac3074364925b0f3f0f	false	5231fa5515b45716ed37e632355c1819778d3a95a1967ac3074364925b0f3f0f	offline-frozen-source-state	parse-only-controller-no-executors-or-nodes
liatrio_pipeline-library.Jenkinsfile	corpus-169-liatrio_pipeline-library	181e4e9e32eb0d342b9c2093f504015cfe731ca999448fdccdf62644771fb1b8	138882c8eceb1bacc5404d289972feff0a2d58e637695c12020a5d8e56cfa42d	false	138882c8eceb1bacc5404d289972feff0a2d58e637695c12020a5d8e56cfa42d	offline-frozen-source-state	parse-only-controller-no-executors-or-nodes
linuxacademy_cicd-pipeline-train-schedule-autodeploy.Jenkinsfile	corpus-170-linuxacademy_cicd-pipeline-train-schedule-autode	45b14837a72851f233a68b9f7c7bf3ae387eda71f9758ae51120c6b430d4e3ed	758ca941e87f15a26f0d7a5aa5d96038c37ea7503fc0c0d6131e8551814070ac	false	758ca941e87f15a26f0d7a5aa5d96038c37ea7503fc0c0d6131e8551814070ac	offline-frozen-source-state	parse-only-controller-no-executors-or-nodes
linuxacademy_cicd-pipeline-train-schedule-canary.Jenkinsfile	corpus-171-linuxacademy_cicd-pipeline-train-schedule-canary	da66b15fbec2d53be16fa027e28c95086989c4f1a4a2471d671cff848ca54f90	f6ddf76877c84748fe31e10a3567049c517989280766e02f0621bb3730a19e1c	false	f6ddf76877c84748fe31e10a3567049c517989280766e02f0621bb3730a19e1c	offline-frozen-source-state	parse-only-controller-no-executors-or-nodes
linuxacademy_cicd-pipeline-train-schedule-cd.Jenkinsfile	corpus-172-linuxacademy_cicd-pipeline-train-schedule-cd	e2360a17520f120d7977b6316c9a31af8659a60999051ddaf0c2a22f077d0fff	66362f79fed7466959cf2903b7f5915360b7a07294a40d12e9bd944bf2046d0e	false	66362f79fed7466959cf2903b7f5915360b7a07294a40d12e9bd944bf2046d0e	offline-frozen-source-state	parse-only-controller-no-executors-or-nodes
linuxacademy_cicd-pipeline-train-schedule-dockerdeploy.Jenkinsfile	corpus-173-linuxacademy_cicd-pipeline-train-schedule-docker	e2360a17520f120d7977b6316c9a31af8659a60999051ddaf0c2a22f077d0fff	f868aa674afc56d3bfabf8edcdddc9d815fcdcb9172bdd17c85737919866aa91	false	f868aa674afc56d3bfabf8edcdddc9d815fcdcb9172bdd17c85737919866aa91	offline-frozen-source-state	parse-only-controller-no-executors-or-nodes
linuxacademy_cicd-pipeline-train-schedule-kubernetes.Jenkinsfile	corpus-174-linuxacademy_cicd-pipeline-train-schedule-kubern	ae01f5db00cd6a42e3eae31b8181420379c931ad6657582b76ea02c9c1599417	ecfb7b73e2fde8662ce26c284a9e29f02b12b1fdbb46d983b19742c0e291d266	false	ecfb7b73e2fde8662ce26c284a9e29f02b12b1fdbb46d983b19742c0e291d266	offline-frozen-source-state	parse-only-controller-no-executors-or-nodes
ljpengelen_jenkinsfile.Jenkinsfile	corpus-175-ljpengelen_jenkinsfile	8adbbd3e12ad16b959035eda86f56dd745fa941a850a1a0c530afd23d999ffc4	e7261112d3d8f1d75d88bd097b488ffa400546e2c033e0ed68935a5186b698c3	false	e7261112d3d8f1d75d88bd097b488ffa400546e2c033e0ed68935a5186b698c3	offline-frozen-source-state	parse-only-controller-no-executors-or-nodes
llknur_jenkinsfile-pipeline-project.Jenkinsfile	corpus-176-llknur_jenkinsfile-pipeline-project	755a76248f151de936a449f8e3421a0bcf3aae9ab9655568a464f9dca6c040cc	5d9d5d62f60ffe21e534809627dfddb23006f177fc18a02939606192c238c866	false	5d9d5d62f60ffe21e534809627dfddb23006f177fc18a02939606192c238c866	offline-frozen-source-state	parse-only-controller-no-executors-or-nodes
maajor_Blender-Geometry-CI.Jenkinsfile	corpus-177-maajor_Blender-Geometry-CI	15bac5eeab02e823e04c951a8f59bea69eb68c9561210ce707db7f45783b408d	12278edbe17952c4da64f60acbd47f271f83e331682c9bb9109bf793556e14b6	false	12278edbe17952c4da64f60acbd47f271f83e331682c9bb9109bf793556e14b6	offline-frozen-source-state	parse-only-controller-no-executors-or-nodes
macg33zr_pipelineUnit.Jenkinsfile	corpus-178-macg33zr_pipelineUnit	49cfe1433eaccd26eecdaa02529530f6e7e5db14747b4249fae24686c400cae3	951bd46ca35c1e241e5fc0fcb9cd07833494f7987502fcdf0f1af8e5173a5fbf	false	951bd46ca35c1e241e5fc0fcb9cd07833494f7987502fcdf0f1af8e5173a5fbf	offline-frozen-source-state	parse-only-controller-no-executors-or-nodes
maxyermayank_jenkins-pipeline-demo-api.Jenkinsfile	corpus-179-maxyermayank_jenkins-pipeline-demo-api	bd93a55337f5bca4c582cac07d4c3edc5b6d4b33e266327401e7eb561c90a255	b127f94036f7504e642db0615e6c4c849710807aeddd14b5669acd6b60edb98e	false	b127f94036f7504e642db0615e6c4c849710807aeddd14b5669acd6b60edb98e	offline-frozen-source-state	parse-only-controller-no-executors-or-nodes
maxyermayank_jenkins-pipeline-demo-pwa.Jenkinsfile	corpus-180-maxyermayank_jenkins-pipeline-demo-pwa	56dd0f75f3f4985fe2a742e7afddce2768b8e0aaff9551b67c2dc65a7f59ab92	5f88f1a4633a539b8762666a3454aba74f3ee401a8c462652ee43df44768d7fa	false	5f88f1a4633a539b8762666a3454aba74f3ee401a8c462652ee43df44768d7fa	offline-frozen-source-state	parse-only-controller-no-executors-or-nodes
mercedes-benz_pipeliner.Jenkinsfile	corpus-181-mercedes-benz_pipeliner	3d76a9e602572cf99ac23cf15fb86a7294191ac83e86be6cc5ad14e2baad5133	ff0ca2bccc72a200b94ab6339d3c14f2aa79982822c61bf5f99c93e86f6cce73	false	ff0ca2bccc72a200b94ab6339d3c14f2aa79982822c61bf5f99c93e86f6cce73	offline-frozen-source-state	parse-only-controller-no-executors-or-nodes
merken_netCoreBuild.Jenkinsfile	corpus-182-merken_netCoreBuild	ccc4b7180a7cca2577525345936cdbacbfaebfc9103f998c084bef3a14abd7cc	0ce69f4db3eaafb6b6e164e5f2839b35b7aefadb08b213703d029194ff4a9108	false	0ce69f4db3eaafb6b6e164e5f2839b35b7aefadb08b213703d029194ff4a9108	offline-frozen-source-state	parse-only-controller-no-executors-or-nodes
metersphere_jenkins-plugin.Jenkinsfile	corpus-183-metersphere_jenkins-plugin	c0d7701a880914097969ff25376d855e9fb71d04203e02513ce6b0d4b9d5ff17	3287bcd140711c3334cc272d9691299ba383f4176ac440e51f68d025370f1c3d	false	3287bcd140711c3334cc272d9691299ba383f4176ac440e51f68d025370f1c3d	offline-frozen-source-state	parse-only-controller-no-executors-or-nodes
microsoft_movie-db-java-on-azure.Jenkinsfile	corpus-184-microsoft_movie-db-java-on-azure	1a27abc99573f5af7d8ed2700ee8f38145ce2ac83e9a19eb50e1e6df0cf94561	52500b101a6fe45c814c4de720e8cde2a55a41af40c84d9e67130027666c254b	false	52500b101a6fe45c814c4de720e8cde2a55a41af40c84d9e67130027666c254b	offline-frozen-source-state	parse-only-controller-no-executors-or-nodes
mindstix-labs_qa-automation-accelerator.Jenkinsfile	corpus-185-mindstix-labs_qa-automation-accelerator	63af8a8233e004b5cd7b329ac45aa78fa168ebd8b575d86a0f8826da65b501a4	af6ecd20eb8e00144bba333aa6ebf721226928a1ff68cf1b9d8a4fc072478008	false	af6ecd20eb8e00144bba333aa6ebf721226928a1ff68cf1b9d8a4fc072478008	offline-frozen-source-state	parse-only-controller-no-executors-or-nodes
mjah_kubernetes-jenkins-cicd-pipeline-example.Jenkinsfile	corpus-186-mjah_kubernetes-jenkins-cicd-pipeline-example	63c1d3f9798b3be83cb079a9e87ecffed444c30cdc9b27c98c7d9b38d8c27b2e	be413d8c1ceea3bfc0cc125d444a41d92567ba1b5b72213773caf5e5deb38b96	false	be413d8c1ceea3bfc0cc125d444a41d92567ba1b5b72213773caf5e5deb38b96	offline-frozen-source-state	parse-only-controller-no-executors-or-nodes
mjuuso_provisioning_example.Jenkinsfile	corpus-187-mjuuso_provisioning_example	ab44b497d58fa9c8a95bb5c3d094d3b3ce247cb826ab5d4931b0df1c32f41909	613d5b0a20d316192c2eec3a1b675bd1c2a3eb55a9d618f0377cecb8fd0dbe40	false	613d5b0a20d316192c2eec3a1b675bd1c2a3eb55a9d618f0377cecb8fd0dbe40	offline-frozen-source-state	parse-only-controller-no-executors-or-nodes
mmelmesary_Automated-DevOps-Project.Jenkinsfile	corpus-188-mmelmesary_Automated-DevOps-Project	12e23b496360a267319b3443073e62c2e9a1e8ef0b00b3b7322830b81276086f	9f8017a12dad6da443bbed4fc8c6e6e609877b6a065ee5207f6d6409a1e62e29	false	9f8017a12dad6da443bbed4fc8c6e6e609877b6a065ee5207f6d6409a1e62e29	offline-frozen-source-state	parse-only-controller-no-executors-or-nodes
mraible_ng-demo.Jenkinsfile	corpus-189-mraible_ng-demo	02aa1ea203dbfd2537a2d2cf42cd77be904305114e3334e63810d004a35b910b	45c51ee0c808453fb54dbf7a159f3a938f9522e49f3326d39ba3a2edeaf90e64	false	45c51ee0c808453fb54dbf7a159f3a938f9522e49f3326d39ba3a2edeaf90e64	offline-frozen-source-state	parse-only-controller-no-executors-or-nodes
msfidelis_jenkins-ecs-slaves.Jenkinsfile	corpus-190-msfidelis_jenkins-ecs-slaves	6e9f822b04115dfaee21baddb9b07083bcee6803a599ba2266696e78ea981a3e	c981451a8fce6fddb1a6b1a5e94fdc8d1b0e440e7c19c2a51950708beb3f0847	false	c981451a8fce6fddb1a6b1a5e94fdc8d1b0e440e7c19c2a51950708beb3f0847	offline-frozen-source-state	parse-only-controller-no-executors-or-nodes
murphysecurity_murphysec-jenkins-tools.Jenkinsfile	corpus-191-murphysecurity_murphysec-jenkins-tools	95d2e639ae3d4d44c0e8875dcdc692ef7deb697b06be3d4405c66df005b66f59	fc11d15ed7bb8cc27814faefe9da3d6884c7d78831b40ec7f715fc0b8304adbd	false	fc11d15ed7bb8cc27814faefe9da3d6884c7d78831b40ec7f715fc0b8304adbd	offline-frozen-source-state	parse-only-controller-no-executors-or-nodes
narasimhavuppala_jenkins-calculator.Jenkinsfile	corpus-192-narasimhavuppala_jenkins-calculator	f4708d1b0924918688e65ccb1d92bd6675792d04cc8d1d0d1541bea1b01eb47b	774c897dcf7c948aa9653362c7bf2b21b1e731b5ccdecdda694598caa258122b	false	774c897dcf7c948aa9653362c7bf2b21b1e731b5ccdecdda694598caa258122b	offline-frozen-source-state	parse-only-controller-no-executors-or-nodes
narottamgla_selenium-bdd-cucumber.Jenkinsfile	corpus-193-narottamgla_selenium-bdd-cucumber	03fdd3aaba943a8fceff66fac3dffb4c2bfc5b6a18ed13d0c1f9fd5f5bbbd535	30a1bcf7ed6618900075cb012522cfae5cf11df55a1c869e3d751f9d32bdbc2c	false	30a1bcf7ed6618900075cb012522cfae5cf11df55a1c869e3d751f9d32bdbc2c	offline-frozen-source-state	parse-only-controller-no-executors-or-nodes
netcorebcn_quiz.Jenkinsfile	corpus-194-netcorebcn_quiz	269b91998fe8d4225727414822bdebc5497b403dfe5751a3d8dd8f3376ad35f2	218773a1f0ab7f44cc53b5be7c4c1c1111cdcd05b50a229d1412d4c70bf1fab1	false	218773a1f0ab7f44cc53b5be7c4c1c1111cdcd05b50a229d1412d4c70bf1fab1	offline-frozen-source-state	parse-only-controller-no-executors-or-nodes
nikoly_selenium-grid-docker.Jenkinsfile	corpus-195-nikoly_selenium-grid-docker	abe030521634575e7d210ccf44f4b0f45b4f540307589df69baa71dfd00bbb19	47cd306d044ea8e0f8c9ad5e57b580516c35155f758663b943bf026ee3118c1a	false	47cd306d044ea8e0f8c9ad5e57b580516c35155f758663b943bf026ee3118c1a	offline-frozen-source-state	parse-only-controller-no-executors-or-nodes
ocf_ircbot.Jenkinsfile	corpus-196-ocf_ircbot	29d0e7baa621e7decbe170dc7da3a977cf7e228c9915eb74c081aaa8ed133e2e	a0a792e1f9a4ce9bc24baa78082236c98a85b2b817e53f128f5065ad5b0fc974	false	a0a792e1f9a4ce9bc24baa78082236c98a85b2b817e53f128f5065ad5b0fc974	offline-frozen-source-state	parse-only-controller-no-executors-or-nodes
ocf_ocflib.Jenkinsfile	corpus-197-ocf_ocflib	4c964f50f4b0c7559566e50e9f6fe41080bada05dd94b6af403d05c956931f17	cc6f4f162a434d59830ce0bc42026317b2fb2901b002b583a7398b81e0435826	false	cc6f4f162a434d59830ce0bc42026317b2fb2901b002b583a7398b81e0435826	offline-frozen-source-state	parse-only-controller-no-executors-or-nodes
ocf_ocfweb.Jenkinsfile	corpus-198-ocf_ocfweb	29d0e7baa621e7decbe170dc7da3a977cf7e228c9915eb74c081aaa8ed133e2e	63002ab80877fb10bcc9b461c7b2cf224b4f37179a76966c4551494d0628a4e5	false	63002ab80877fb10bcc9b461c7b2cf224b4f37179a76966c4551494d0628a4e5	offline-frozen-source-state	parse-only-controller-no-executors-or-nodes
ocf_slackbridge.Jenkinsfile	corpus-199-ocf_slackbridge	0aa9911eacc2035453680285077c2ce5e208eb6277ea9945205c171862e4aa45	18088a63dc08674db48cb499c825f04fa717b39ef48f806ccb4048d6985a83b7	false	18088a63dc08674db48cb499c825f04fa717b39ef48f806ccb4048d6985a83b7	offline-frozen-source-state	parse-only-controller-no-executors-or-nodes
pavankjadda_BookStore.Jenkinsfile	corpus-200-pavankjadda_BookStore	9d22722b17384ab6bc4030acf57ac3211e657818488550108e8c1a798f0280ff	ee3977e36198e60011a81af430c47a4a84857d4a0f3a994aa9c606f951429f7e	false	ee3977e36198e60011a81af430c47a4a84857d4a0f3a994aa9c606f951429f7e	offline-frozen-source-state	parse-only-controller-no-executors-or-nodes
pawnu_PythonSecurityPipeline.Jenkinsfile	corpus-201-pawnu_PythonSecurityPipeline	f96bc5b6b36e827d1c7bb4bad17dab76c9d057b1a1836076828def88a60f3ee9	9899cadd7c89b2c65489c28fedfb73459dad46c414779621d84571c3d94c572b	false	9899cadd7c89b2c65489c28fedfb73459dad46c414779621d84571c3d94c572b	offline-frozen-source-state	parse-only-controller-no-executors-or-nodes
planetpratik_CMake-Jenkins-CPP.Jenkinsfile	corpus-202-planetpratik_CMake-Jenkins-CPP	7b21bd64c800a8faa851a4c64cd24d78dbdbdd105b651c3d75d503943b2cc9eb	3dea2aa873fdf350d15616710a7c5b25e48de5595394daadf3a50606ca13722a	false	3dea2aa873fdf350d15616710a7c5b25e48de5595394daadf3a50606ca13722a	offline-frozen-source-state	parse-only-controller-no-executors-or-nodes
prashantgohel321_DevOps-Project-Two-Tier-Flask-App.Jenkinsfile	corpus-203-prashantgohel321_DevOps-Project-Two-Tier-Flask-A	dd8d06e2da183adc4b55ac91cb90f78abee1bc42da67513b649d7b4a07280ed7	081250b48a2944fa79d3f6e4e3cdc220fad376d1a0da91d574fdc287170d28b2	false	081250b48a2944fa79d3f6e4e3cdc220fad376d1a0da91d574fdc287170d28b2	offline-frozen-source-state	parse-only-controller-no-executors-or-nodes
qiuhuanhen_springboot-DDD.Jenkinsfile	corpus-204-qiuhuanhen_springboot-DDD	82806ec4f749d1daed2f8bcbef8a23c55cc425a5d2d9e3373ff45a49e8d63ed0	d9b1b6cbc1b5d6a428c3516891e69089ca3b0fa34adc8aba9bac7445aec54c83	false	d9b1b6cbc1b5d6a428c3516891e69089ca3b0fa34adc8aba9bac7445aec54c83	offline-frozen-source-state	parse-only-controller-no-executors-or-nodes
releaseworks_hellonode.Jenkinsfile	corpus-205-releaseworks_hellonode	745ff1f8d674e410b2d6b918f818904f03c1c03c1f4eb947a82ece73cd98b785	5f65ea04b27d4d11e6799740935ead2022e305dfc237bb53d958e9f4298acfbe	false	5f65ea04b27d4d11e6799740935ead2022e305dfc237bb53d958e9f4298acfbe	offline-frozen-source-state	parse-only-controller-no-executors-or-nodes
restalion_python-jenkins-pipeline.Jenkinsfile	corpus-206-restalion_python-jenkins-pipeline	5ab9c60e963b46ae8a92529047eafe4d77500038a0c65c19d08f5efca952db54	bef3cb04e3a2e9157f280f5e76e893f721c97b0838f13b88df00989311d1c21c	false	bef3cb04e3a2e9157f280f5e76e893f721c97b0838f13b88df00989311d1c21c	offline-frozen-source-state	parse-only-controller-no-executors-or-nodes
ricardozanini_soccer-stats.Jenkinsfile	corpus-207-ricardozanini_soccer-stats	1ee8fa18a6b7108c27211923b26e09f6633c7057668674d5a33630863498cb44	64bc0d406bbb2994b99f9bce5248abb6cfa3b6a103ac941415b5704d53d708e4	false	64bc0d406bbb2994b99f9bce5248abb6cfa3b6a103ac941415b5704d53d708e4	offline-frozen-source-state	parse-only-controller-no-executors-or-nodes
rmkanda_secure-pipeline-java-demo.Jenkinsfile	corpus-208-rmkanda_secure-pipeline-java-demo	187460bf1153198b71a6553be584e181a5eaee0be7fbaa7ec74a2c94751aec8a	f947ba3f6141fdc4be416e33511c05fec5a745873280bfdfb26d70b5a3591bed	false	f947ba3f6141fdc4be416e33511c05fec5a745873280bfdfb26d70b5a3591bed	offline-frozen-source-state	parse-only-controller-no-executors-or-nodes
roryeckel_codex-jenkinsfile.Jenkinsfile	corpus-209-roryeckel_codex-jenkinsfile	1da7a5bca48507cf8c31f5886a2662ef598bb78fcd4ae17abdaac3355296bfc8	971da69978e20b1ed21c5fb8b5a0412ad750e2a27316f50b45c31ed81148d613	false	971da69978e20b1ed21c5fb8b5a0412ad750e2a27316f50b45c31ed81148d613	offline-frozen-source-state	parse-only-controller-no-executors-or-nodes
rosineygp_mkdkr.Jenkinsfile	corpus-210-rosineygp_mkdkr	1727df980002204986ca8474ad2a7acd2f9b1bf30072bc31002c13490d292eab	77c264de517e223559a91b81f343b0015834fe2e8115f1ae33df137e864b222f	false	77c264de517e223559a91b81f343b0015834fe2e8115f1ae33df137e864b222f	offline-frozen-source-state	parse-only-controller-no-executors-or-nodes
saidsef_alpine-jenkins-dockerfile.Jenkinsfile	corpus-211-saidsef_alpine-jenkins-dockerfile	af9517826efe6cbd860697b48a08d0afd69796bce0350cd341d52b19c3ee22dc	02a80b731dcee3df273b21ad812f01280c4cd0a5b92c76f276e59f7c8e064aa9	false	02a80b731dcee3df273b21ad812f01280c4cd0a5b92c76f276e59f7c8e064aa9	offline-frozen-source-state	parse-only-controller-no-executors-or-nodes
saidsef_jenkins-pipeline-examples.Jenkinsfile	corpus-212-saidsef_jenkins-pipeline-examples	df0cbdee3420dfee982d8753a6e8c8dd73c807dcd92a749475fbf3286763ca61	01d51d00ca25cd1365db7fac6a730dfc2a6bd6635e3f275f2dd66e400480da44	false	01d51d00ca25cd1365db7fac6a730dfc2a6bd6635e3f275f2dd66e400480da44	offline-frozen-source-state	parse-only-controller-no-executors-or-nodes
shazforiot_Jenkins-integration-with-kubernetes.Jenkinsfile	corpus-213-shazforiot_Jenkins-integration-with-kubernetes	67d9f25a347742844f119333eb51afdfd9e1e7e5413d9d27c0a2bef356fc1aae	97f0df94f337005a14f9c9e783ee3edb33716b92a42455a49e9c32408787d0c1	false	97f0df94f337005a14f9c9e783ee3edb33716b92a42455a49e9c32408787d0c1	offline-frozen-source-state	parse-only-controller-no-executors-or-nodes
shipping-docker_simple-jerkins.Jenkinsfile	corpus-214-shipping-docker_simple-jerkins	b87d30ae1db0b04576c9faa3ba3956a9022a6a77e1846019010624dc443edc7a	b6e483509dac06b54263b16aff70eebeb2422c6e47cd9625a78758b6ca376030	false	b6e483509dac06b54263b16aff70eebeb2422c6e47cd9625a78758b6ca376030	offline-frozen-source-state	parse-only-controller-no-executors-or-nodes
sidd-harth_apigee-cicd.Jenkinsfile	corpus-215-sidd-harth_apigee-cicd	d2cd4880977702e4b4fd0f52fd278f4cd91abd1bce9083f21fc2ab2d944c38c6	994bafca374d274ef6bae73d72fa1a31b3975c4a1f1bf9975add904370dc900c	false	994bafca374d274ef6bae73d72fa1a31b3975c4a1f1bf9975add904370dc900c	offline-frozen-source-state	parse-only-controller-no-executors-or-nodes
sixeyed_jenkins-pipeline-demos.Jenkinsfile	corpus-216-sixeyed_jenkins-pipeline-demos	dec6273f52492c13c0ccff4c35737a90aa42563e5d6a16aebde5e05725b37b40	c5ebf68f0d0f86a6592f5865711fe0288b99ae9b8ad1d27e433e21d32679a3c7	false	c5ebf68f0d0f86a6592f5865711fe0288b99ae9b8ad1d27e433e21d32679a3c7	offline-frozen-source-state	parse-only-controller-no-executors-or-nodes
stakater_GitWebhookProxy.Jenkinsfile	corpus-217-stakater_GitWebhookProxy	4ce6a3c97a4c93da1cada8546bdfe3795846090984a60579c69ebbc6b7c7af48	daa594b59279787774522962d77791ddee91e042dfd4257f2cf2a7aadac6eeb4	false	daa594b59279787774522962d77791ddee91e042dfd4257f2cf2a7aadac6eeb4	offline-frozen-source-state	parse-only-controller-no-executors-or-nodes
tknerr_jenkins-pipes-helloworld.Jenkinsfile	corpus-218-tknerr_jenkins-pipes-helloworld	cbb0bb169aeb2dd90af397ceace7bfb2c2b2dde67ebdbf8fd39f1ee48d75d657	e878f57ebc15f05b3e7bb9b92e67f52041bac3c17c9f3e4874257a8008c74bb8	false	e878f57ebc15f05b3e7bb9b92e67f52041bac3c17c9f3e4874257a8008c74bb8	offline-frozen-source-state	parse-only-controller-no-executors-or-nodes
tomasbjerre_bitbucket-server-jenkins-release-tags.Jenkinsfile	corpus-219-tomasbjerre_bitbucket-server-jenkins-release-tag	cada596a9f33ace474524f2f7b0e302c67d0046172407aeaf33fb26a632be19b	c36435c25c1014ba76aea6cf087a6bcf55864f35946502eb85b24c84f5438683	false	c36435c25c1014ba76aea6cf087a6bcf55864f35946502eb85b24c84f5438683	offline-frozen-source-state	parse-only-controller-no-executors-or-nodes
varunpalekar_php-ci-cd.Jenkinsfile	corpus-220-varunpalekar_php-ci-cd	49b9190eac06717fca72a3d721427e1ec0deb3e3d6dcf0001af2fcd031220f67	ea8c05c9dd58ac60be1872d4fafc22b0f3e9ab3682a2735988a62a2ee6eef660	false	ea8c05c9dd58ac60be1872d4fafc22b0f3e9ab3682a2735988a62a2ee6eef660	offline-frozen-source-state	parse-only-controller-no-executors-or-nodes
vineet68sharma_CI-CD-Docker.Jenkinsfile	corpus-221-vineet68sharma_CI-CD-Docker	cb78a1989b37be4a82c575bb29d0805867b0049c630b5a64db5cdda791d82a5b	f2607d21bddc79a14bc0708cb970a45ff694204647f0e839878330318f3e5e7c	false	f2607d21bddc79a14bc0708cb970a45ff694204647f0e839878330318f3e5e7c	offline-frozen-source-state	parse-only-controller-no-executors-or-nodes
vinsguru_docker-selenium-jenkinsfile.Jenkinsfile	corpus-222-vinsguru_docker-selenium-jenkinsfile	db6d2c777190aa6efe618641dd8b06e35e4f4678c0d0199d3166598a1f1e947a	c0a93e52ecd41f9f69b99dbafd12b32c6a03ff3dae3d839f180620ec91558aed	false	c0a93e52ecd41f9f69b99dbafd12b32c6a03ff3dae3d839f180620ec91558aed	offline-frozen-source-state	parse-only-controller-no-executors-or-nodes
vskurikhin_DayBook3.Jenkinsfile	corpus-223-vskurikhin_DayBook3	57bab1e2d33e71b2b5bf25db1804c0b48dca3b25d9da2fe3871995c3ead426da	16484d3fc1f6254d878725e16ac5d3e80d27b391de1c1fe119a5b9e056ca8cb0	false	16484d3fc1f6254d878725e16ac5d3e80d27b391de1c1fe119a5b9e056ca8cb0	offline-frozen-source-state	parse-only-controller-no-executors-or-nodes
wanghaoxi3000_advproject.Jenkinsfile	corpus-224-wanghaoxi3000_advproject	7f5fbf483526cf030172c5ee3a0cf302704dd16a95061256a8ac23d367949936	c1f4d0216101dab5f7d2e9cfc6ac5889232f791f329da54c7d329ff4430bcb2b	false	c1f4d0216101dab5f7d2e9cfc6ac5889232f791f329da54c7d329ff4430bcb2b	offline-frozen-source-state	parse-only-controller-no-executors-or-nodes
wildec2_java-selenium-framework.Jenkinsfile	corpus-225-wildec2_java-selenium-framework	21311566e0db00ad91600740e7be73e097579b3d48e8b19bb407641d6b3ef60e	cede7c95a2cfc5a429ff43a69dd8c0ba5a9fcb2f86517cfb790d9beb699e6b9b	false	cede7c95a2cfc5a429ff43a69dd8c0ba5a9fcb2f86517cfb790d9beb699e6b9b	offline-frozen-source-state	parse-only-controller-no-executors-or-nodes
yashpimple_Jenkins-CI-CD-with-GitHub-Integration.Jenkinsfile	corpus-226-yashpimple_Jenkins-CI-CD-with-GitHub-Integration	21618ea800b5ae44db372d8fbb90e3c1779197d943cc9c2b783971c903218f37	9bca1a38ab50da133c38d375aaf50ae998c9f10bf41d6447c715a3c346e3f016	false	9bca1a38ab50da133c38d375aaf50ae998c9f10bf41d6447c715a3c346e3f016	offline-frozen-source-state	parse-only-controller-no-executors-or-nodes
zhangjian-ai_AutomationTestPlat.Jenkinsfile	corpus-227-zhangjian-ai_AutomationTestPlat	d246449de0fd9403a283f58813b692ae144d0783764d40b7e94ea2b1d1c91e69	cff4e26db49c3d338c6eeb69b3c6c3b8d405e93d8decf9bbd6f681e9e9447643	false	cff4e26db49c3d338c6eeb69b3c6c3b8d405e93d8decf9bbd6f681e9e9447643	offline-frozen-source-state	parse-only-controller-no-executors-or-nodes
zowe_jenkins-library.Jenkinsfile	corpus-228-zowe_jenkins-library	45d604f1e864f1d0dc7cb717ed9d278d1775980c203c7ed3d7406be2ab6593ef	1267a1d9c564333b81ddaf085d7f77814c897fb99a554a130d1edc887b55b8b4	false	1267a1d9c564333b81ddaf085d7f77814c897fb99a554a130d1edc887b55b8b4	offline-frozen-source-state	parse-only-controller-no-executors-or-nodes
