file	repo	source_sha256	bytes	commit_sha1	blob_sha1	default_branch	archived	license_spdx	license_path	license_blob_sha1	provenance_status
Ableton_python-pipeline-utils.Jenkinsfile	Ableton/python-pipeline-utils	541ede0e8e35b5c87c42af09c47f6b31c3e171dddbe51eeed9fa46b128cece1b	1781	38e62f92cff4c16a805e67b3269b28d91bf2f434	0ed39e6396c70fd6bdba293e53b5c73140f89a38	main	false	MIT	LICENSE	8864d4a39633c1bcb33a8983d146d0b6390ed3d0	exact-commit
AmanPathak-DevOps_EKS-Terraform-GitHub-Actions.Jenkinsfile	AmanPathak-DevOps/EKS-Terraform-GitHub-Actions	d3723d35a45518b8179853f3db1cc948ab29d4ed11d6d69f4cd59a258f0341ef	1929	6e3428437c7e413c2686cdf005933e11360025ec	3d6f27b6c4e39202a48309a87210e485aa1d2881	master	false	Apache-2.0	LICENSE	261eeb9e9f8b2b4b0d119366dda99c6fd7d35c64	exact-commit
BBVA_mirrorgate.Jenkinsfile	BBVA/mirrorgate	231f42d14a263a32724fa95f1081fd299d867a4c835f5cf55cb6efe2600e63aa	1181	92f44f98568f25f53b692f9860fa138a3a627ff6	caa6c7791bc3cf259911cf3b3fbae82f0dca281e	master	true	Apache-2.0	LICENSE	6f756351aae24b479e6a9418c1f08a8b7a991076	exact-commit
Ben1980_jenkinsexample.Jenkinsfile	Ben1980/jenkinsexample	8a22b54d0b015d020d3a5d4fa96333b912b52a41f1ec5409de3414230ee1fb43	1676	b5f91c714d1d417ab305cd4e9c381c191b0fbc71	4d8801c8615a8c9b620a6d6b1bae7df4eb2cb2ea	master	false	MIT	LICENSE	7926af0ffd2d54be7b381ecafc8e548d522a1455	exact-commit
Blazemeter_taurus.Jenkinsfile	Blazemeter/taurus	074a0ee6c59965a517af59eabfc48d37fb2ee2b9d6735bad7ab6ca241c50bfdc	4448	bfd6aa36fdc814d82f43abd99f7b89279e800002	9db44ed46b2911ef17b1955960d3a287aa88542b	master	false	Apache-2.0	LICENSE	d645695673349e3947e8e5ae42332d0ac3164cd7	exact-commit
Chabane_mitosis-microservice-spark-cassandra.Jenkinsfile	Chabane/mitosis-microservice-spark-cassandra	f9cf8fc20d1932ff38baa4edae4c071a93489c4f5aded7bb9edda90fef5f6ff3	984	6b232fadf5747eb609464b1e3f0ea3d904f6f397	2277b67249d0b03f0b763d581d2818ce49eda411	master	false	Apache-2.0	LICENSE	8dada3edaf50dbc082c9a125058f25def75e625a	exact-commit
DeekshithSN_Jenkinsfile.Jenkinsfile	DeekshithSN/Jenkinsfile	3b51ff90605d69af6700d5afc230f886a6d7119ed8f76f3a7ddf68b6d14c5513	697	a4a2620ef1b99e365bb254116919cc486d2668f0	7c9cc945c71ab71aa5ee8d24457a999e9605920b	inputTest	false	NOASSERTION			exact-commit
HariSekhon_DevOps-Bash-tools.Jenkinsfile	HariSekhon/DevOps-Bash-tools	def821a25309f566e5e68c2081126b2753b480cdea7748a785c0637c155a00ab	2269	4d9cdce86a2f408cb72ef02b20b3541ca803fade	53b639e11be36dabf239b0b057717227a29436c6	master	false	MIT	LICENSE	7e9e2fbc26a050a0dab798badf3cac4592ef0926	exact-commit
HariSekhon_Jenkins.Jenkinsfile	HariSekhon/Jenkins	88e3b12724f73e68bc823ec10d72e9df9bbdb73f4cea074abdc0766e5ec387d3	56749	53409ff7c39068cf93a4710a9c653a43fd90c7e5	64dac12ed632de7ed1149a20687cd07fd501aa0f	master	false	MIT	LICENSE	02b06ef569d12838573e55c4c1c06637ebcee62f	exact-commit
HariSekhon_Nagios-Plugins.Jenkinsfile	HariSekhon/Nagios-Plugins	561f27d798986f7cafebb0c9ed61ed8989dfba1c96ceb5be2b2a1a73be1386fd	2263	61da09a2ab6c4a216901dde5f66402638f294305	1a3f8254732ebad82e345ac16b743b1fe9bc9a53	master	false	NOASSERTION	LICENSE	dc6226f869c77664330cd4aea650435bad93dfd8	exact-commit
HariSekhon_Templates.Jenkinsfile	HariSekhon/Templates	6c263717a24af2836fc1795f59bdea6b8616d61bd499edb331d6c9d253478e34	19	d0e2903ff8b9e4a4091c2d582918fb809e547067	0fefd2de85756ac44310ada09e71bcce2a876894	master	false	MIT	LICENSE	c6d9dc4de743dede542a09575844ba02dd47e1e8	exact-commit
Jotschi_maven-release-workflow-test.Jenkinsfile	Jotschi/maven-release-workflow-test	127d13fae4b3bc993db57fff2a702a9fef9b27e9496472d086f6423c73ed08e2	2449	535aeb92c7877ac2839c856f72f78fb2433f27f4	e531b00f87ad2d1bb8dc3518093692b15f68838c	master	false	NOASSERTION			exact-commit
MrRameshRajendran_Hybrid_MultiCloud_Overlay.Jenkinsfile	MrRameshRajendran/Hybrid_MultiCloud_Overlay	abad58a171872921e261146c8e8ef935ece26bf636a4fe986ca5a508f822dc46	25734	4182cdd80bffed4c8ebb54240aad89445abc54a8	9c3ef9a852a02c278b264f34440d3a41076c252c	master	false	NOASSERTION			exact-commit
ORCID_ORCID-Source.Jenkinsfile	ORCID/ORCID-Source	f1e13eecbdfd94819bdd69753499d4f307d653e11b0fcc5c112bb35f43ef97aa	2782	45fce82b4a659f97b3cd37107073eb644deb29ce	5f9b73e39c417124cbc823673a618570bbdbd239	main	false	NOASSERTION	LICENSE	8dadacd90b12e4bb49ed199c6ec524978ca05ecb	exact-commit
Primus19_jenkins-pipeline-deploy-to-eks.Jenkinsfile	Primus19/jenkins-pipeline-deploy-to-eks	1a63e6f351bb8eaa00397a29bd235eac48b34091fe27e7518dee11372136df51	949	b49d1b4eb3494db6c52ae6a3c1a0c2dcf81ba8ba	7fd63d8400a88e2c7a59b3477b41efa6bfc01da9	main	false	NOASSERTION			exact-commit
Rapter1990_springbootmicroservicedailybuffer.Jenkinsfile	Rapter1990/springbootmicroservicedailybuffer	4ecd459eb6be0438b11ef68044735f5195180ca5a6475d8054f5e0005c89f4ec	1196	33b73ac9d950ef0684527beb4116fcb326cb082b	a2a6e1a5e731a2252e0612552e54c827ce579e66	master	false	NOASSERTION			exact-commit
RitheeshBaradwaj_JenkinsPipeline.Jenkinsfile	RitheeshBaradwaj/JenkinsPipeline	6fd68b0ba7d2abe62a6726a72c31e1244ede4ffc32bdde3ab3209cfda74bdf00	2952	a542d04c10034506dca1ee7bda6ed81c05c3eacc	4ec20696ed0f9e3288d2759dd4417e51e3ae3161	master	false	Apache-2.0	LICENSE	261eeb9e9f8b2b4b0d119366dda99c6fd7d35c64	exact-commit
Romeh_spring-boot-ignite.Jenkinsfile	Romeh/spring-boot-ignite	652f0086118dfcec254900be38b1c0290fec0f5f91bb995fd66f66b0101d0f09	4735	8b8638c76a6836d23ae6c403aa0f1c0234dcbeb0	c426f63d3734ed5729bb47675e09062b3abade76	master	false	Apache-2.0	LICENSE	261eeb9e9f8b2b4b0d119366dda99c6fd7d35c64	exact-commit
Romeh_spring-boot-sample-app.Jenkinsfile	Romeh/spring-boot-sample-app	78557a1b98eade3b0ed41d357c06acbaf327e38dccddfe8287de526b080d7634	13976	8308dfe5408462048e426ab881c4f2e3c7f9f0be	6273a136951de91dacc829b6aafe55d81730dc62	master	false	NOASSERTION			exact-commit
Statemood_jenkins-library.Jenkinsfile	Statemood/jenkins-library	f66ee69760ec268adb012b14e07241358653e9706e473ff8bfaeeb78ab94827e	131	3a49db8808355f68ceaec489df104f9274d084ba	7c188163ee875b1c01902062d64d881d594a66fa	master	false	Apache-2.0	LICENSE	261eeb9e9f8b2b4b0d119366dda99c6fd7d35c64	exact-commit
SumanReddy568_Selenium-Python-Pytest-framework.Jenkinsfile	SumanReddy568/Selenium-Python-Pytest-framework	f21604b7c13c45911f4c2426154799b436060f5cd12673c540aa023a9283e3ae	979	4ead70d8f56456f7830586bad27b24d7f6fb8555	3fcd5f56bd6dc94d28e109f079d5aa84e0e47b3a	main	false	NOASSERTION			exact-commit
SumitKr88_multiscanpipeline-jenkins-fastlane-ios.Jenkinsfile	SumitKr88/multiscanpipeline-jenkins-fastlane-ios	9e99e235d5e35ec19708a4af34e6be777f95ba25c5f99f72e3ad9b9147eb45cc	14021	213c101bfbcfd4a5c08d9f1f8e59258e65c2ad55	9b8aeb62c482df4cc1d3126a884684a9b6c8b5b7	main	false	MIT	LICENSE	e3f19d21d31c74fc7df5ae8f3d835a8dbc4fb496	exact-commit
SumitM01_CI-CD-for-Docker-Kubernetes-using-Jenkins.Jenkinsfile	SumitM01/CI-CD-for-Docker-Kubernetes-using-Jenkins	85af9d066998a0b981f6937698b57eedbf7b3392757c0e4f81dd8ab7d91aeb99	3561	953fea5c8db80dd95b4f2812c7fafd4ac523b588	c93cd0f664e670d3b9b056a9f29368dbfaae5dbe	main	false	GPL-3.0	LICENSE	f288702d2fa16d3cdf0035b15a9fcbc552cd88e7	exact-commit
TTFHW_jenkins_pipeline_java_maven.Jenkinsfile	TTFHW/jenkins_pipeline_java_maven	056bfea73508ad462fc4f7a04802116a7262c5862bab169a0eb7fdcf2b0a48c6	554	2b4b3263c8eb1b10f7e2cbddb6ddc68ee45c8433	a2cd2ef04593bce5600e3473779144785f9bc72b	master	false	NOASSERTION			exact-commit
TTFHW_jenkins_pipeline_shell_scripts.Jenkinsfile	TTFHW/jenkins_pipeline_shell_scripts	5807654497ce64088988cd65eff0219f7d2f246c72ed9eb900a17204ec28e715	259	a21c87d3919ea496f663f880d07c535ad7952659	4662c5f5800c1642888bb0c8c41d5f6de7ead743	master	false	NOASSERTION			exact-commit
TechPrimers_jenkins-example.Jenkinsfile	TechPrimers/jenkins-example	3a6417cae39894496497d7e0f5782bb0fa381b3695c9ae0653e6706e888b321c	608	03df67aeee07fa96c3bd8660b8f69fb1221fbd29	2c0b4c873f141f267b3cf1b87a4811bdf9974e9e	master	false	NOASSERTION			exact-commit
Terradue_DotNet4One.Jenkinsfile	Terradue/DotNet4One	6e09ceeaf8d956ba9d0e9cc0fd80c0ab81ba35d158c593e6696b9c9d943fd382	1149	2d6b5e169dcdc6ef2d6df5a2768bbc069e73c281	fee76199c35c9027e44d6f207e70ff1c2ab6abc4	master	false	AGPL-3.0	LICENSE	885dfe40c773da9764f91dbc8ebd16e43f5d787c	exact-commit
Terradue_DotNetOpenSearchClient.Jenkinsfile	Terradue/DotNetOpenSearchClient	6bd7a34b50ffc26a96d1f4f16a3b59f011be2080e0e4e806d26fdcd2de7417e1	8694	dd5eefc27312992eca6d343bf6548f78933edfb5	cfc4ae29d5f495ffcfdb0f7c219065012b82608e	develop	false	GPL-2.0	LICENSE	d7f105139782ab695d86613e343916f7372f4ac0	exact-commit
TomCzHen_jenkins-android-sample.Jenkinsfile	TomCzHen/jenkins-android-sample	7b704a07000e3f3d4ba5cabb6f724eea3eac11f4b359603e8ccc7105040a0ed4	3825	d6e7eb107d9f9ee21285831d9c9db40abc34675d	a45bee6ae8b8f8c2f60b488cf9b5b1c5204d8100	master	false	NOASSERTION			exact-commit
Tynab_crm-project.Jenkinsfile	Tynab/crm-project	2675911170287f5838f9c9832d9b1ad4fbbe0ee376ce7604308239b7387d9d25	4052	0d066babe0b4cb6c67ee88b30428c7b30b0e562b	0c79f03f3b534071ec02ddd0ddb78da8f78e32fa	main	false	NOASSERTION			exact-commit
VAD37_unity-jenkinsfile.Jenkinsfile	VAD37/unity-jenkinsfile	aa892a5663f6f663386c97037f58fa4f0ff2843a3750241941691e69d938c67f	12774	4097ab8cad238fa1284e40eb2c256b23ea8d12a2	9e59df80f789cde81b23f326c53db0fc6e2384e2	master	false	NOASSERTION			exact-commit
adamrushuk_powershell-pipeline.Jenkinsfile	adamrushuk/powershell-pipeline	9b3f291bda53d9f3839778edb32eb0263cda45f1eaf52c355bc5ced398d68163	1379	9b1e8fffd2279687c48556eb9b3002a84b6308e2	592d13c574801703ab374f99c5b05f6ffda1a906	master	false	MIT	LICENSE	2bac99e60924359cfe3710e816a760934b15fd22	exact-commit
ahmedmourshedi_Automation-Testing-of-ECommerce-WebsiteUsingSelenium.Jenkinsfile	ahmedmourshedi/Automation-Testing-of-ECommerce-WebsiteUsingSelenium	605d0da4337e30f6da40bda43f0c6db9ef87d0214c244271c008f327f1ace74c	799	0110c5f3748058d4f9776c408816924f5aa63cca	6637aaea6786fbf668eb7e9851bc6d591bba42a2	master	false	NOASSERTION			exact-commit
aiwithqasim_Capstone-Project-Devops.Jenkinsfile	aiwithqasim/Capstone-Project-Devops	b9c0cea6dc126f31e7398a6395f0bcb0ebe135f3b6c2bb97eb53881387d30a04	1376	484c302a838df371a85a5feb0136bf714421951a	5f935f8d93463b9abd997546bba6341f22f28b09	master	false	NOASSERTION			exact-commit
alanmacgowan_WebApplication.Jenkinsfile	alanmacgowan/WebApplication	9a758841ca77c7196df4f8e783d7e841b8602244a29d808102863e8536be7f1a	6910	38a4988d0299f8e33aa8039441e03cd80ce484db	dec9fbb0ccdc093ed7b4522e02505604f98288c5	master	false	NOASSERTION			exact-commit
alexguzun_jenkins-pipeline-gitflow-maven.Jenkinsfile	alexguzun/jenkins-pipeline-gitflow-maven	261712ed4d1062321f0366fb96a1fc2a5ed9189fa8e497a1cf7572e964e83be4	3634	98d50ea15871bd5f74c883a1c4ba5731769625de	f25bc746c4a4cd5ee705ac642066c1f2f7840254	master	false	NOASSERTION			exact-commit
allcloud-io_jenkins-pipeline-tutorial.Jenkinsfile	allcloud-io/jenkins-pipeline-tutorial	7bf47940d691f7f0e8514f72f92dc2935e38adc229a22d77124a46f305a28400	942	d50fedb0ccca47627d3d7e0bb564e3ad334288a7	f2e5039633c938715e30d9b5e8b8d9291b40448b	master	true	NOASSERTION			exact-commit
arun-gupta_docker-jenkins-pipeline.Jenkinsfile	arun-gupta/docker-jenkins-pipeline	4e4ea3e7053a4bf64d9ec895eff0b57c9f18008d9d263bcb917aec621a91361d	1274	10a4ce7972939104874b57bf71983b360bb7b714	c622e1c0c695455e475630e378741c97e12f62cb	master	false	NOASSERTION			exact-commit
aws-samples_ecs-bg-external-controller.Jenkinsfile	aws-samples/ecs-bg-external-controller	4769a05ea89b0ec7c9ecb3ee3b16ee91350375ad88d5a1be58cafff10e0a570c	17055	ee47e64ef1cf11ae561970c9ec5c124408779171	9573742a5b6be894e95cdfed0c930d97433a94e5	master	true	MIT-0	LICENSE	1bb4f21e5d8b5b21b6952c0b9bf2e6220d9a56be	exact-commit
awslabs_aws-codepipeline-plugin-for-jenkins.Jenkinsfile	awslabs/aws-codepipeline-plugin-for-jenkins	5f73e8a6f186be327095bec7598ce879a8ab2d6502c06a277f24ffcfc4af2ff8	124	12084a12a612ac32a2756ee89c7b44c662066db7	8b7fd8d8524a99c589e9bcc82a1ac622c2fa7c82	master	true	Apache-2.0	LICENSE	1eac78a6ff8699af68bd91305eec836285786e8a	exact-commit
bcgov_openshift-wiki.Jenkinsfile	bcgov/openshift-wiki	50c79ee4516d4a7df046efbfff8bc10d5f5b6e72fe84ab1443d6df647410d29b	78	ee118744366153cd354f966a4df66253668824ad	748f31165b50e1f994d454e4bab4d3594ca03b33	master	true	Apache-2.0	LICENSE	8dada3edaf50dbc082c9a125058f25def75e625a	exact-commit
beifei1_fire-cloud.Jenkinsfile	beifei1/fire-cloud	d93e4c083eab6071ba7bea1c2e16d704530b5ae9fc32b05195b464a69ccdaada	4390	a908037756ff1b54cd788358b24e21052d8d5fb6	295c60b11424bb5ddf1b2bfec67949886882b5f0	master	false	Apache-2.0	LICENSE	261eeb9e9f8b2b4b0d119366dda99c6fd7d35c64	exact-commit
bmustiata_jenny.Jenkinsfile	bmustiata/jenny	ca0d63014147a42547554f314d9dc5b15bed18dddcfdc52c70b172f8c47c0ab8	2013	1fd5b873684a747d9924f3f07d4e114c2193ac3c	794095dcab9dbad31a64c16decdda7804cd30177	master	false	BSD-3-Clause	LICENSE	1f581742c571323e7b4b50aea062e7be172d0c98	exact-commit
boozallen_devsecops-example-helloworld.Jenkinsfile	boozallen/devsecops-example-helloworld	b0453dfb79a7c904e4b3b499596c78549fd83c20ae0dca134cff2949a237e558	9643	697f0c8f0595790bb1522b288b05fc32ca63f3b5	856b51f2ead6bb685100e42f4d116e1311248054	master	true	NOASSERTION			exact-commit
bszeti_kubernetes-integration-test.Jenkinsfile	bszeti/kubernetes-integration-test	9a3e0ac623a8ed5c65e4bcc8f590d09d2bfd118ce8ea8d456a73d0bc73277cd2	4742	fa2e0e60c7918acf5d64533363ac859b12b13801	f59f8abecb773c28fef26e60ae3dc28952ebc348	master	false	Apache-2.0	LICENSE	261eeb9e9f8b2b4b0d119366dda99c6fd7d35c64	exact-commit
buildit_jenkins-pipeline-libraries.Jenkinsfile	buildit/jenkins-pipeline-libraries	894ac23ae5e37840615c979b33bff728c157669b0bf8bfb74f1f4def7d828dee	546	fe3ef22d856cf6f2e37e76890aa3b70ffc7313b3	071d8d6eedca9b24348e2d1e2b72d7d7d28c51f4	master	false	NOASSERTION			exact-commit
camiloribeiro_cdeasy.Jenkinsfile	camiloribeiro/cdeasy	392d3667712d3b458ba56bef2af90c80c5879d88f79cfe19d626f35c785af800	2463	95364bc2fa985987557311d21fbde227dcff8b95	3b6231b6670e6e779766b11cc99d8555c9a058e8	master	false	NOASSERTION			exact-commit
captjt_jenkins-pipeline-express.Jenkinsfile	captjt/jenkins-pipeline-express	81a38fff16ee5817dc7d08c015ef4b625c3c5a122ea0135201090b2ff5854d66	1668	91560f78b32f7b225913eac4055765b65942a000	8a63ac10f08ed562395ec39848a9f04f276fce94	master	false	NOASSERTION			exact-commit
charlires_golang-docker-jenkins.Jenkinsfile	charlires/golang-docker-jenkins	35091bc2909001e1fa14b136e30a6cf983406342c7a3ab6924f08b225c05f1a9	439	083734415a092b42f2194eefff2af6936566890d	ea74a4e2060c70982456a539ec47ad8487ff9bd5	master	false	Apache-2.0	LICENSE	f49a4e16e68b128803cc2dcea614603632b04eac	exact-commit
choiis_Cpp-IOCP-Server.Jenkinsfile	choiis/Cpp-IOCP-Server	8d5ae2ed11a8ff527d2e51db098ba498c8f25da027c1b71a00f7ce2c05ecb3a3	799	208e82c67a54062300ec1406054097eec6d36732	18142abfbc7d49a0dfffd38c904c93a5b3859c8a	master	false	NOASSERTION			exact-commit
chrsoo_microservices.Jenkinsfile	chrsoo/microservices	14a17ebfce7c4911aa757fda4023aea548303544e6681768120cc223c7bac501	80	8908db0a454bb7e040717169b46f780b4443bb15	1cce886cd8cc3259d9ed9aa00d26cc642184c6c0	master	false	NOASSERTION			exact-commit
cinqict_jenkinsdev.Jenkinsfile	cinqict/jenkinsdev	666ac2275ea75730e27cf7b565d757691b094c508355adc0199d745278a23100	177	d20369f19c12899e2f3bc5c8fbce7e7b81752fb7	50814935f3d45e4c9de79910b152c227b1a379dc	master	false	MIT	LICENSE	3503f0df2ee78cb180baa203682e98c024242416	exact-commit
clintmod_unit-testing-jenkinsfile.Jenkinsfile	clintmod/unit-testing-jenkinsfile	985a7ae786b5e36f48d99a96aef921714bcdb30fc2eae1235a8ce6dd9a339c4a	2575	4b84e12c6de5c4c091d52f450169b2e9f9729f0c	f0617afeef6ce52640b0972959c5b16c51eaea79	main	false	MIT	LICENSE	e842b3e2bc8cd388c6c9476a68d37af904ca61ab	exact-commit
cloud-bulldozer_scale-ci-pipeline.Jenkinsfile	cloud-bulldozer/scale-ci-pipeline	208f13eb41d51e92453caffb5696aef677e24a1bec4a184e69ce23a84161349c	15620	b82a4cf07fb24343dcaeeca9704a8ed3995f2457	643a70912147cde0bfc0b50812ef5e9596850658	master	false	Apache-2.0	LICENSE	261eeb9e9f8b2b4b0d119366dda99c6fd7d35c64	exact-commit
cloudogu_ces-build-lib.Jenkinsfile	cloudogu/ces-build-lib	10723adab4589a4d39d083ac7cc63e9f8d19ef4a5b0249fc06473556015b976e	2683	55fedb4721c2fca13ce945d21e73898308b4919a	be7cd850de2593aab9e71bde3db16a6c969dc7c0	develop	false	AGPL-3.0	LICENSE	2beb9e16309456b1f4244480f4fe6890324a5064	exact-commit
cloudogu_continuous-delivery-slides.Jenkinsfile	cloudogu/continuous-delivery-slides	18336858a375c5bd556e582697a23121a2646eb413b1667ac39e2d1d20b6be55	7997	4e7079c4d701e41d8a6298a0dfc106dcc0e4ef2b	b06b8d261fb2a2198de51b5dcafd596e5318c3ce	master	true	MIT	LICENSE	d15cf3bba39efea1ea461a0b1ff9da3fddc15bcb	exact-commit
cloudogu_gitops-build-lib.Jenkinsfile	cloudogu/gitops-build-lib	b919e0cdb82e6afb7ab874bda04c95d87c46776ec96e8c109d43486669e613c3	1549	ef676df34eb798971073d6b6378a70a97d9e9a99	054ec43ff3187c49d696e86f02939a418708cf75	main	false	AGPL-3.0	LICENSE	0ad25db4bd1d86c452db3f9602ccdbe172438f52	exact-commit
cloudogu_gitops-playground.Jenkinsfile	cloudogu/gitops-playground	e6e579afb1e8f521ed7c46157760693de07a2a4ed2b704f6c2553629a1c20315	12821	362f496ffb3d1660c81682a881129375d696f6e8	3934ad2f8b88424dc527b51a9f88f6a443cf8f0f	develop	false	AGPL-3.0	LICENSE	0ad25db4bd1d86c452db3f9602ccdbe172438f52	exact-commit
cloudogu_reveal.js-docker-example.Jenkinsfile	cloudogu/reveal.js-docker-example	5f6e81afdf7bb6e7e5a3392135c543e8db20239581fb9748a9f35106838042c2	8279	0a5c5afd1e1b2541709a95b024af0f38e03b3377	189b67fe1be91cae8a942b3e9bf17ac773299a06	main	false	NOASSERTION			exact-commit
concur_jenkins-yml-workflowLibs.Jenkinsfile	concur/jenkins-yml-workflowLibs	5f3ff6c25b67bc3df0104d1c205b6297174974c308dafd501f27fc62096b4931	126	68a11e70087a72f3078ed487d85843db464fe4bb	000c742fd81666f1894d5903dc61dec78f649710	master	true	Apache-2.0	LICENSE	261eeb9e9f8b2b4b0d119366dda99c6fd7d35c64	exact-commit
cvitter_jenkins-pipeline-examples.Jenkinsfile	cvitter/jenkins-pipeline-examples	4c7a5ac0431ca337c635678d5320fc987e232ed5336f0c9cee956ec08b3f7fe1	358	3093b478bf713c23b056b6f0162e87ebf3f9ee04	8a8954b14c980f07d930d9d701b3f86fffbe282e	master	false	Apache-2.0	LICENSE	8dada3edaf50dbc082c9a125058f25def75e625a	exact-commit
darinpope_jenkinsfile-library.Jenkinsfile	darinpope/jenkinsfile-library	a3d655644fd87b7faaef8ac2024f689a35bb3d5d34d2e82ac284eeb7f7ba52c4	280	23a7c8096d6ef80dbd0a264c532fcea26ec6f290	09ca2467323db750967b870921f70b25a4b429aa	main	false	Apache-2.0	LICENSE	8dada3edaf50dbc082c9a125058f25def75e625a	exact-commit
devops-ws_learn-pipeline-java.Jenkinsfile	devops-ws/learn-pipeline-java	38d8798a5d4d068f5b12ffde42cbc35b6c51621b9eb2ba042f31de76ff013f95	466	57a532912f1826de3c6569a05b4bd68fd1c81c86	e06a13d38822a6635b7a8a0abf46c4de37e0032b	master	false	MIT	LICENSE	36bba1cae79836b980b0e67f12cd6012b77c1756	exact-commit
eggsy84_gcp-spring-boot-app.Jenkinsfile	eggsy84/gcp-spring-boot-app	3daa17e4e696aa3a7022ff84d31c26bc00980ecf2e24c5c727c3c5f6085b8554	2083	434f9e89ee8787551c769c4b65206ff4b7f23bb2	60428f7fa0599bd9af3e7571ccb4e253bd8478bf	master	false	MIT	LICENSE	8b6a0e9508a318fd711b959d4d6211e010ec4a4a	exact-commit
eldada_jenkins-pipeline-kubernetes.Jenkinsfile	eldada/jenkins-pipeline-kubernetes	8a5f2aaaa58045e9695cd74d2e90d747ac4a57171d4562a7259c76ac712c8dd3	13498	d2cf7d52cea16aa5f2365bbfbbe5ef7cc70fc02b	fd59bdcc92daca5d34fa26b15eddc88ed5853f1b	master	false	NOASSERTION			exact-commit
esign-consulting_logistics.Jenkinsfile	esign-consulting/logistics	e32fe14bd82f319973659895f4779c58172845f014f78b0093cb6453d639bfd2	3898	8570c1a97daef5e3a4dde071cce0b733417bfc18	8ebfc682c2f1fdce251c3cac8281db0857d5b121	main	false	MIT	LICENSE	f960deeef0c71f7603df64c64f75f5de7bb543d4	exact-commit
everflux_angular-jenkinsfile.Jenkinsfile	everflux/angular-jenkinsfile	c403101edc7a0ae8666dbff05f49a8feb47409f950b8f9c492351d91edc456c7	1438	17a26957d81a688d98b8d76168d9ccec267c6f1c	78fa1ee3430e10ddf011a60858ca307817ac7a41	master	false	NOASSERTION			exact-commit
evry-ace_jenkins-ace-library.Jenkinsfile	evry-ace/jenkins-ace-library	5fc3f77c99fe404393360807502a46e0b49136bc8d6a258ca74eb44f2a4b2e34	945	7f4318ae1956ea52fbd958704143bfea7bd4477d	85aedb8e896b2a7672a713a59cd543cd29b32f6c	master	true	MIT	LICENSE	d511e9ddf5a733b7f1439d24c11ed7333e897148	exact-commit
executeautomation_JenkinsPipeline.Jenkinsfile	executeautomation/JenkinsPipeline	60cd06cc720ee780c41deea9e3e67a8d99ed9699fa8f3b69070d00a6529f024c	1152	fdafa1bb5ecf8d02c556ddb264ea05369a7151a7	2c3593d978a8592b17f4b9215a70181947d9518a	master	false	NOASSERTION			exact-commit
fabric8io_fabric8-pipeline-library.Jenkinsfile	fabric8io/fabric8-pipeline-library	5bbebbc67332644e33394b15b4641d6f27d31e0103970e1aa2b0110b93513b46	348	6c374db821997615921a71dca4a4ae4acd1c2876	85509c8aaa218e2485791df59e128ba613754b57	master	true	Apache-2.0	LICENSE	8f71f43fee3f78649d238238cbde51e6d7055c82	exact-commit
fabric8io_fabric8-platform.Jenkinsfile	fabric8io/fabric8-platform	852457ab7957b38a63fb9cd96422af2fd3646a56d93ea371fc44ed1c4e5a105b	801	57d6c9c6a6bad0583e5f5de756553f18437c180d	7e1aeac706faebdcdcbd1bdcd771caad30351617	master	true	Apache-2.0	LICENSE	8dada3edaf50dbc082c9a125058f25def75e625a	exact-commit
fatimajamali81_jenkins-iis-cicd-pipeline.Jenkinsfile	fatimajamali81/jenkins-iis-cicd-pipeline	931c3a702933a1ce2155e45c7ea6b1773d428d65a45da10c7b4063d1e57e625c	3576	d934fd067c35c8f439ec5f6f7c0704e385fd169a	4b5bcc395fd158291189fe1ef14c2bf444a92d2f	main	false	NOASSERTION			exact-commit
gdemengin_pipeline-logparser.Jenkinsfile	gdemengin/pipeline-logparser	b9426d412aea538ed9578e3a212fc1a3d6001af7cb5a4238cb625396f796bcb1	52658	b71448e6382142f0057b63a87fc4be79ec3bb1c0	db4bba5157fdfb84afdfa01fa13995eb0865174a	main	false	MIT	LICENSE	219c1d90f4600528c224ab5b45f522346b6e3ce1	exact-commit
gfkse_jenkins-shared-library.Jenkinsfile	gfkse/jenkins-shared-library	4f71168e15e063578d8af5c9a1aa44bad2353755be90ca1796b1262edb7b5cb8	70	d0cd7f342ab96bf47ef2fd46a86e77f03d3a661b	5a2731276f675825efaac0f6291160880f113742	master	false	GPL-3.0	LICENSE	f288702d2fa16d3cdf0035b15a9fcbc552cd88e7	exact-commit
griddynamics-archive_mpl.Jenkinsfile	griddynamics-archive/mpl	6e3e96d496d55ad80f7c21445a7da03a166ed6b173af7ee89287936a9e2d2c12	34	d1b3e657cc58b2fa4dc510058fafa43035ffeefd	ff2db52f008898c00f262b2a0a6d0ee58f99c6b4	master	false	Apache-2.0	LICENSE	78ccbc2db083bf800851e2b272de64914baebfc0	exact-commit
hakdogan_jenkins-pipeline.Jenkinsfile	hakdogan/jenkins-pipeline	d52e6ce8f3b183c791b7adf764bfedc3a83c4229c11a3b8a78c82972d162a20b	1971	f568eb2201d03956887275da7ef3479612516854	39e5141d84aad7e6251231808ca4bf45322b18f7	master	false	NOASSERTION			exact-commit
hamitmizrak_Devops_Jenkinsfile.Jenkinsfile	hamitmizrak/Devops_Jenkinsfile	19358b0c5e5866970a2d9b0826ffc01ec7e0ddb56ffe341d4146eeb6851ba625	382	275f5fd65dad7ef550ea2eb4efed8c21f4dfadf9	eeac67663ec0d7a59180d394f651bd028fbc031f	master	false	NOASSERTION			exact-commit
holdennguyen_cicd-pipeline-java-webapp.Jenkinsfile	holdennguyen/cicd-pipeline-java-webapp	6d00a3f333de0481f0b8b7dd6072eb9f5eeb8b3af624f41af02f3c1325ca1d8f	2587	6b61d23f3a2a8a661b4b89d895e949f887f220eb	3f17222c9eb82086e48cb5658ec4624851a14b09	main	false	MIT	LICENSE	67965df8bf02fae13e64851d86c2e0633d3a29ef	exact-commit
hungbang_spring-boot-aws-docdb-example.Jenkinsfile	hungbang/spring-boot-aws-docdb-example	7b7cb412f7a1a989b0dc552f9a74f9c01db2d680dbfac8bf183c75a14f12572d	2753	d155aa31382d129710e8c3436d6dc240acd9a8f1	09d23d0cbdf71df4dd96ab679e70e370fb5a6eeb	main	false	NOASSERTION			exact-commit
ishrivatsa_terraform-vault-jenkins.Jenkinsfile	ishrivatsa/terraform-vault-jenkins	abb65459d7933600fc5a87754adc73487186c6613b9652dd6f0bd8e40451a0c1	1290	f2c6440389cacdc3b8503556c6f4bb628f7c6d41	6e3d4f8536b4f48448f4b16ae9d311466b34c8fe	master	false	MIT	LICENSE	abdf012c113cec8681299ba385bc8e3196f4bd4a	exact-commit
j8kin_habr-jenkinsfile.Jenkinsfile	j8kin/habr-jenkinsfile	564602f61ff3332cd47f0aedb8c2ecdadc48f3f93a94b02145db5f897f445263	4404	9c27ebc66a6c852653473d19fb864feb36fec1a9	e798a063680c23bf8e261099c5d41d2ff3562540	master	false	NOASSERTION			exact-commit
jalogut_jenkinsfile-basic-sample.Jenkinsfile	jalogut/jenkinsfile-basic-sample	5532d468c83ddeb935662dabc65b6a33e447d0c65655121ad01aa1054bd6feca	746	80070e467e3db65663ee5d861646c82a1b3d5288	cdd20931a924eeddb74ccf66419db563c86b968a	master	false	NOASSERTION			exact-commit
jalogut_jenkinsfile-shared-library-sample.Jenkinsfile	jalogut/jenkinsfile-shared-library-sample	18ac32bcfffa69f9bb8a49d1d8bd58bc54a972293448cd2bf0f8f32f5ec33b5b	151	23b629ccf4fef2b8657e8236361497de3f279223	6766b7773f60af233c84439ea67b0f9211cbfb04	master	false	NOASSERTION			exact-commit
jenkins-infra_jenkins.io.Jenkinsfile	jenkins-infra/jenkins.io	699c4aac6affe1de0287cb9df6276ba93638fdc84cc2f30d22b97f105d4c9108	3884	4ee2fb8bba0c7f1ef863612bb79acd0d65e064b8	4355f1efda88f228b83aa019ac71f1b06452400f	master	false	NOASSERTION	LICENSE.adoc	2d94c8914ae1d431cc895a80940a9b423b0b8988	exact-commit
jenkins-infra_pipeline-library.Jenkinsfile	jenkins-infra/pipeline-library	58f5907f727081938d5d116288087a6129cf6e3b0f85ec94308374ffbf377b59	407	240e47d3a91453ded2f187a02921be33e9f5f72d	e7a4e7ccf7f62ff8d04e92cfd071cbb9181fed03	master	false	NOASSERTION			exact-commit
jenkins-infra_update-center2.Jenkinsfile	jenkins-infra/update-center2	4acb93ca16c23401d58d666c79b386d8fac10dab7e278e8894625b8ff275f3a7	397	bb269cd98a1829764b200d56f46f6f63416ba37c	862c36e02401c696f91aef778cd4288d81a3a586	master	false	NOASSERTION			exact-commit
jenkins-zh_jenkins-cli.Jenkinsfile	jenkins-zh/jenkins-cli	e8f9ccd76aff24c7ef2371265fef02dd2a3b5859aaa428cc9b2b6fda2b6e7544	2032	8c3052f2ae68d992dd2812ecb2eaa7199f3f8d98	80c8008a006cd88f43bf359de0b199773ec125b2	master	false	MIT	LICENSE	cd4114c2715a15c58c7fad3f56698d47c77b53d1	exact-commit
jenkinsci_JenkinsPipelineUnit.Jenkinsfile	jenkinsci/JenkinsPipelineUnit	13da81a95e8b31e9fd3bd4fc0263b480970a7da9c78cb67ff23f016f21fe111b	130	35210ab1eccad6936ab74fde300764286eb46887	fb6a2f6c66844c816d8afb644fa83ed17c9fbda7	master	false	MIT	LICENSE.txt	60df2003eee23e52501dbfb7374b2a50fcf122a2	exact-commit
jenkinsci_amazon-ecs-plugin.Jenkinsfile	jenkinsci/amazon-ecs-plugin	5f73e8a6f186be327095bec7598ce879a8ab2d6502c06a277f24ffcfc4af2ff8	124	abc34161cf6b8c4a0922f42211d720937ff9ad77	8b7fd8d8524a99c589e9bcc82a1ac622c2fa7c82	master	false	MIT	LICENSE	ff03daeda5bd1dc172c81219d831365867e502bd	exact-commit
jenkinsci_artifact-promotion-plugin.Jenkinsfile	jenkinsci/artifact-promotion-plugin	0f2cfcd81eaefad4ca0eca04614ed7a26ba8afa36b7b72509f75dfe2825046b4	365	e52e29070580a92aa52fc2875949cd85022f072d	6e1f964645e2c2b94c8d31ceeb8def043241406a	master	false	NOASSERTION			exact-commit
jenkinsci_badge-plugin.Jenkinsfile	jenkinsci/badge-plugin	fd4e348eea0344d1201aa233bca0aba02fbc5e0d62cb592d0703134a1e3f5a88	391	429bb7712add1886a88a53cc5380a22163913704	7d8a99286c571bab50601ca8a50930420912f273	master	false	MIT	LICENSE	7db22b38f612cb66dc90d24b2523e528fa6c55c3	exact-commit
jenkinsci_bitbucket-push-and-pull-request-plugin.Jenkinsfile	jenkinsci/bitbucket-push-and-pull-request-plugin	c7fc233689035e9d250da826bd98cae3661f8e4e97b911cbcfc1f829f5c6e203	483	45a06d5672a379ddab5ec8c0dff7dd700f671f30	f7e366259c2bd7fe155af907b28dead9ab37158f	master	false	MIT	MIT-LICENSE.txt	7084e3ed02351d32a3e6f44d9f1286fa3e9f9d84	exact-commit
jenkinsci_ci.jenkins.io-runner.Jenkinsfile	jenkinsci/ci.jenkins.io-runner	120857360934a075388fde42f87db85dbde96f64a3189c7812754489cd24e652	576	1230a7dbde35c52309f06babd2201c4fedb5430b	4d1b490f173f1ddc08cbe050849eea183b4eb785	master	false	MIT	LICENSE.md	f81e48fe69c6d0479d1f68a2b20fc7bf500a2356	exact-commit
jenkinsci_code-coverage-api-plugin.Jenkinsfile	jenkinsci/code-coverage-api-plugin	0b646463b0811e630e38e2e202d5696bb85ebd07683f757b2fcb2cd6bc130033	752	70a13460a37f83ad49cc94d608d31b6ee9173957	88fd03e9dee365d1a7e377bcc84562f85e847dd6	master	true	MIT	LICENSE	34e3f36eb22ecfa1c8be9512c93a34df8f1d9bea	exact-commit
jenkinsci_config-driven-pipeline-plugin.Jenkinsfile	jenkinsci/config-driven-pipeline-plugin	80198b1c4924ac766071f98471f96d52b61065e090c5b3bab3509342d66efe60	14	20eac39974d70e9de264c84a655e459c10454301	a229fa5176886b458ddeab706975e84f5c080753	master	false	MIT	LICENSE	8fd2152ca6a966f0dbc5282b2e1d300193777622	exact-commit
jenkinsci_configuration-as-code-plugin.Jenkinsfile	jenkinsci/configuration-as-code-plugin	5bff7652bd85527813093eef4214eb1925233329ed474b6c1a514f25b3410a31	218	918aba0771670ac36d4af96715338a1666704d5c	349e629250a682330bac524f9539e9e2db0741a5	master	false	MIT	LICENSE	b442934b7df2ca786056d5ee739d2f3dd4f2661a	exact-commit
jenkinsci_credentials-plugin.Jenkinsfile	jenkinsci/credentials-plugin	68c9f56995af2b91bc74f5096504eaaca563bc66e5e6a31c2c53dc6fb35af502	156	ab6088f4826376627ab383dd85a7b45089e2ab77	1c75129311d5d890da3c0e0ff8c5c6fab036517a	master	false	MIT	LICENSE.txt	6c25fafe4efe835d10287c4f1a9507ec43ecc21f	exact-commit
jenkinsci_declarative-pipeline-migration-assistant-plugin.Jenkinsfile	jenkinsci/declarative-pipeline-migration-assistant-plugin	e5984b6e327d51e346858b9e3947aedfd899d74abecaf5bc89f8a5ddba73ae1e	221	b435b18a3381c4c2b04eee0fb8fd1971acf5962f	08eaf2f2c47e64d18d2afbb7096400e9992e1fad	master	false	MIT	LICENSE.TXT	c42f6801b6d07d3e999dc0d1660c400df2887644	exact-commit
jenkinsci_dependency-track-plugin.Jenkinsfile	jenkinsci/dependency-track-plugin	84f7354002eadab110093946401b89a7a93dd6253e38261dfb2b3b21c8d65b7b	139	5d4b60e3669b0cdee2772ba7ca0b30413da90147	c08f89a32222dfc2da295a888374a33c3a0fbae9	master	false	Apache-2.0	LICENSE.txt	2006b258c620a18b721f51cce3b7c46ceb14282d	exact-commit
jenkinsci_dingtalk-plugin.Jenkinsfile	jenkinsci/dingtalk-plugin	2c9c377442fad91a08706070df67c33aac0bcd67d9c77ddf7da17f24b4491495	232	7f8fa2f96af929f6602887901a7c159a13155089	644ebc8e4c168a902ccbb3aa0b8aa0ddc769cee4	main	false	MIT	LICENSE.txt	36d36d25deeb161a535fa0b99c40396ed8c542a2	exact-commit
jenkinsci_docker-agents.Jenkinsfile	jenkinsci/docker-agents	29f798dcc8fce286da8e029e2d3a14b90354c2873070ba07be8e1c9e54ecc5d1	7356	4aac37a7a28efd663c9e736c834a648c9dfcc88f	0a80f1792d8af1c9db60faae2c7b99e84b239248	master	false	MIT	LICENSE	7f48d878f2b435ff9465e69dacde0f1fd95bfe19	exact-commit
jenkinsci_docker-inbound-agent.Jenkinsfile	jenkinsci/docker-inbound-agent	fe92c5c622251d36af3c17e5886e556647f89274eb3dd93ed007ce6271a319ed	4705	58673945861ec4b33e6fcfb94feb4278e9aa3d36	b677759212b58b9f7b26d91ef647df158c9cb458	master	true	MIT	LICENSE	e1a8dc4bafdc548f99ad19adbd32cc4b4e587320	exact-commit
jenkinsci_docker-plugin.Jenkinsfile	jenkinsci/docker-plugin	e15d4a3ecc7925d970522b346428f1dabcf4ee47a1c03dca648644a56d87a2a7	297	a0b972a7c22676619703ba7f912736a88861c8a1	c4fe56d91becb4e819d69b65a44f63013bbdd94e	master	false	MIT	LICENSE	3b0cc324b53ed21feaee0e26b271763bdc53268b	exact-commit
jenkinsci_docker-workflow-plugin.Jenkinsfile	jenkinsci/docker-workflow-plugin	ccbb4950c627a19a7abe89aa528df519a23c890bfc2a90c13b8cebea2c47df9d	301	98addf9475a4c63ef81d2a5115a307961f1a8ef4	1a995dd3b1ab4dcc8ef262a924aa3b0580279365	master	false	MIT	LICENSE.txt	a33530ff7088e2845273d5d380b93a5b03066334	exact-commit
jenkinsci_docker.Jenkinsfile	jenkinsci/docker	ee7b6142f031ab10faddfd706a2ca9083ced99950de40efe08bfbffd83a12bfc	11882	1de91ec004f340b83c5335879f5d7396732dfcf2	b6d75509b8f4ca2a326460ce957444ce924be4bd	master	false	MIT	LICENSE.txt	49b813e306d431db24d02d4b372cea0a2ab146e5	exact-commit
jenkinsci_gitea-plugin.Jenkinsfile	jenkinsci/gitea-plugin	2c9c377442fad91a08706070df67c33aac0bcd67d9c77ddf7da17f24b4491495	232	480576b9a6a6fa455bf58680e65cdeba88cd2439	644ebc8e4c168a902ccbb3aa0b8aa0ddc769cee4	master	false	MIT	LICENSE.txt	4547988701379174e118746a5bfe8c6b7db373da	exact-commit
jenkinsci_github-branch-source-plugin.Jenkinsfile	jenkinsci/github-branch-source-plugin	1d4949843d59f708ecaa47ca54f15c7147bc90a053a83ba82668430c062998a1	300	5e0079c1acde7bdab7e31185cfe3e32d12852b9f	56a3cb4e6ef23204e5d1d9ecac4e321cecfbd80e	master	false	MIT	LICENSE.txt	bf8e35fbb03fdd1113a6cb79e6949356e9f574f4	exact-commit
jenkinsci_github-pr-comment-build-plugin.Jenkinsfile	jenkinsci/github-pr-comment-build-plugin	7633c4b9cc8301b48bf93858cee29aaf9db01611dde9b407023b2dae5cf4b7f1	398	1b62405363556384f54154c3627f201d70120592	b40893bcbd96e9f382e35d44c6728e28f57fa149	master	false	MIT	LICENSE	c53b1f0581f501004b04c1e816e02d44f18d8830	exact-commit
jenkinsci_gitlab-branch-source-plugin.Jenkinsfile	jenkinsci/gitlab-branch-source-plugin	9991ad6648d0f75306dc316fb41fddc8975170a2b76c19641038375cff356c76	178	9f0a7ec0a92490d33d279af17dc7acfaafe7cbd3	a0583b7b0269718230d619c724b9b85eefe6d49f	master	false	MIT	LICENSE	f3a04c3a31faee94982a02c29f65ee77c61c9675	exact-commit
jenkinsci_groovy-sandbox.Jenkinsfile	jenkinsci/groovy-sandbox	8644ca45226ab32b85a8eb833910235699d5ad7e339e6808064b982c3cf2455b	124	81fd696e43c4a7ae2ecb1c4dbf7c7ef6c8c17593	8d38b971dafc01ac99f37ac255e72de9e427a91b	master	false	MIT	LICENSE.md	6dbc195fb1dd7d48faaed3243c2e09e90c7a7560	exact-commit
jenkinsci_hashicorp-vault-pipeline-plugin.Jenkinsfile	jenkinsci/hashicorp-vault-pipeline-plugin	80198b1c4924ac766071f98471f96d52b61065e090c5b3bab3509342d66efe60	14	7cf24de7ca425821425f05f571c31b980d13830e	a229fa5176886b458ddeab706975e84f5c080753	master	false	NOASSERTION			exact-commit
jenkinsci_hashicorp-vault-plugin.Jenkinsfile	jenkinsci/hashicorp-vault-plugin	1e7e1bf18e8687b023e5f9f909c6d85485949a390729d60c0dffaf5d0124d0f6	99	db887024141faf33a3523d345661d326a4c8f1a6	bc0c6a19e2d29aa93a85ae703e349ccb7c558b36	master	false	MIT	LICENSE	8ef5f51d00674b8d56d978c8b7882b646a1d56c0	exact-commit
jenkinsci_http-request-plugin.Jenkinsfile	jenkinsci/http-request-plugin	fd4e348eea0344d1201aa233bca0aba02fbc5e0d62cb592d0703134a1e3f5a88	391	889e2bfdd881995f4ec93f097ade598ebe5640c3	7d8a99286c571bab50601ca8a50930420912f273	master	false	MIT	LICENSE	06f3d503809e22b8b9a20e9a06ba2f5a771a2f47	exact-commit
jenkinsci_hubot-steps-plugin.Jenkinsfile	jenkinsci/hubot-steps-plugin	0e19f52a07de1e261d871fe26db05ebe13d18c1419de79be7e586bc0e1dbae46	484	38c2a4d70ada0f3963001ed949a83ba7be588987	24c9760c6861b44f0e736ed84ef5790770ffe9c1	master	false	Apache-2.0	LICENSE	261eeb9e9f8b2b4b0d119366dda99c6fd7d35c64	exact-commit
jenkinsci_jacoco-plugin.Jenkinsfile	jenkinsci/jacoco-plugin	93d7dd0647b3341229f8e01a6714a66c4a34c3e2231caf9cfc682d727bc80d31	351	f5ea36e9aff4db394bb88944139bb7bb8f55187d	02998e5729c790df6ddb4dad7a312111a4d31d62	master	true	MIT	LICENSE	ed186da7ff64d674500ca80e22c0a8cf2c2dc60f	exact-commit
jenkinsci_jenkins-test-harness.Jenkinsfile	jenkinsci/jenkins-test-harness	022b3ad781565a65b6392131e03e638f91a031d7f122aeccb83a39e4b9441053	458	ea90f9edf24f415018930ea07684051e97b67c09	6add436a9cb2350186c99cca377c1639f044ec4b	master	false	MIT	LICENSE	cf7ec2b009877e6a083780fa9b256ae520fba762	exact-commit
jenkinsci_jenkins.Jenkinsfile	jenkinsci/jenkins	4f6561bd2bbbad86a447d9ff0bebb093a93b659a4ebc061765ea3c14a3e8e0a0	10833	755c80b40c499d06ecdf367d41fc3ff6b056a313	465ef69836129b720bd907ea3c12350b6ae98d51	master	false	MIT	LICENSE.txt	b3249a138b58c24fbe712e51c9827fa97c3efa70	exact-commit
jenkinsci_jenkinsfile-runner-test-framework.Jenkinsfile	jenkinsci/jenkinsfile-runner-test-framework	358c6941a591ad6a65b711d073380c3871225ad3024f1bb7828eca752fad48fe	1535	69d2da7835fa8aa3f1042ba0250ddc84dfeb4dc9	54a86d1b92769bfaff584ace4591d1bd7886cc5c	master	false	NOASSERTION			exact-commit
jenkinsci_jenkinsfile-runner.Jenkinsfile	jenkinsci/jenkinsfile-runner	eec536bc5a61ab981e38ad22a9d2b2d8790fa24346ee1570c526f4a7b4cdac1d	2524	266627df8e6fffb9b46b81b84f9ceeb8972a1df8	a5541538465da138ecc9b1352366e455932f5c11	main	false	MIT	LICENSE.md	5e1da92c16a53e09e619bd5538351ddc97d956c6	exact-commit
jenkinsci_jira-plugin.Jenkinsfile	jenkinsci/jira-plugin	2418db0419db981fff33d651a56dae2e413f1195b8c857434d77201a9b3a6c73	484	a48c9576916fdb99e842b9f905cce16f94112e0d	347471d81d47095aaa9270e5ef9e8caeb2ad9224	master	false	MIT	LICENSE.md	13a9f8b7b123bd3793bc84bc110554c587541cdc	exact-commit
jenkinsci_jira-steps-plugin.Jenkinsfile	jenkinsci/jira-steps-plugin	6741dfe98c1f76eb5afce3afba9244aae936d126ceda0501cde1635addd82a34	208	ad8e31df4a9ac036490161f96c0f65b0b67130a1	aa34353052144331121c541716438600e663ede5	master	false	Apache-2.0	LICENSE	261eeb9e9f8b2b4b0d119366dda99c6fd7d35c64	exact-commit
jenkinsci_jira-trigger-plugin.Jenkinsfile	jenkinsci/jira-trigger-plugin	4a350781a740f595c964904209c87c1ebd6edc593a8f000b2c8989e12d257705	124	421fb04b48b5596e015bb6f385646a02ab391f58	64d8b892afc9f52080e0e029438343569df49ed3	master	false	MIT	LICENSE.txt	2d2196cb4cc33eee7f6804bdb05acd270a135ea2	exact-commit
jenkinsci_job-dsl-plugin.Jenkinsfile	jenkinsci/job-dsl-plugin	f196d856a3d76a94dc83baad44026c74aff002f1d6ec3f5770af0eab1ddb128a	128	6467560a2722701c695447d0b185c15290ad29a8	0ef6cbfd00cd451f633f06b6c73a668c83dd3b8e	master	false	Apache-2.0	LICENSE.txt	b619782dd77c6f1874fb331da1881040ae028852	exact-commit
jenkinsci_labelled-steps-plugin.Jenkinsfile	jenkinsci/labelled-steps-plugin	80198b1c4924ac766071f98471f96d52b61065e090c5b3bab3509342d66efe60	14	a4e436016044f40202e8cd3b1bd208cb29e552a8	a229fa5176886b458ddeab706975e84f5c080753	master	false	MIT	LICENSE	b4866ea5c69184b769b7bab7e32b90b74be24cea	exact-commit
jenkinsci_multiple-scms-plugin.Jenkinsfile	jenkinsci/multiple-scms-plugin	720d91feaca7b23741bb4add507acafebfff88c299378ae9c140f981db1a99bc	135	725cbffccbc9be9f0db9851f63745926d5604aa2	d2b10ddad6767aeca1639b9f81433fcfed1e4ee7	master	false	MIT	LICENSE	dda56df901d9a8c86b899205423bc438b007e830	exact-commit
jenkinsci_nested-data-reporting-plugin.Jenkinsfile	jenkinsci/nested-data-reporting-plugin	731e5f2c2734d700515389452d11c8fae0db978736efc6c0d7cb4ae2d003678b	363	879751aa4711625312d22ec345d0e4933ac059a4	bd23fa1217269170c00313c78458e537b2ab4126	master	false	MIT	LICENSE	e617610a61ca1d99e3b13f86dac834646b09c67f	exact-commit
jenkinsci_opentelemetry-plugin.Jenkinsfile	jenkinsci/opentelemetry-plugin	cc986eb958d8fd7edf78421dec3fa7a1f00a9a122e53278e5ccb4752fd0898a5	300	7b9c6d635bb8c8ef07833607e4ed15d5b782f931	7b2b76be68701718d5a85697ae5380c43b1e51a9	main	false	Apache-2.0	LICENSE	f49a4e16e68b128803cc2dcea614603632b04eac	exact-commit
jenkinsci_performance-plugin.Jenkinsfile	jenkinsci/performance-plugin	b0fc17a836a5be2da7abb228b21dce0eb5e4dd339b979147b583a76c639fa624	665	8140e669791040212f5fbf8145eddfc21bbe8cea	7d48dab99ef862ee594bd628636db8300c090223	master	false	MIT	LICENSE	5aee7df492bedfdad6ba5cfa61917582799c1dd0	exact-commit
jenkinsci_pipeline-as-yaml-plugin.Jenkinsfile	jenkinsci/pipeline-as-yaml-plugin	2418db0419db981fff33d651a56dae2e413f1195b8c857434d77201a9b3a6c73	484	161c98c890ed1b6d07318e20d756da32a7be7084	347471d81d47095aaa9270e5ef9e8caeb2ad9224	main	false	MIT	LICENSE	eb3ec3f908a0618b48b7b6cedff1b68cf856ac38	exact-commit
jenkinsci_pipeline-aws-plugin.Jenkinsfile	jenkinsci/pipeline-aws-plugin	2c9c377442fad91a08706070df67c33aac0bcd67d9c77ddf7da17f24b4491495	232	f4979d4718c4265642f4e802ecd095580047326a	644ebc8e4c168a902ccbb3aa0b8aa0ddc769cee4	master	false	Apache-2.0	LICENSE.txt	0561f16d77022a5217ec2ecf4772c575c2fe6900	exact-commit
jenkinsci_pipeline-cloudwatch-logs-plugin.Jenkinsfile	jenkinsci/pipeline-cloudwatch-logs-plugin	ee46ae4f5ec16a81250cee4a5dbb8bae48ee4a8905e8d42c1d043d9f6bcdd514	448	a9b2d6a17d257628ad2ee1ec0fc33bdadc366c0d	361773edcb0c0cf654c32a31c9dfce83b6f2b1d3	master	false	NOASSERTION			exact-commit
jenkinsci_pipeline-github-lib-plugin.Jenkinsfile	jenkinsci/pipeline-github-lib-plugin	1d4949843d59f708ecaa47ca54f15c7147bc90a053a83ba82668430c062998a1	300	8dbf30b2c1bdcfbb84940b1c372d0f18d0e269ea	56a3cb4e6ef23204e5d1d9ecac4e321cecfbd80e	master	false	NOASSERTION			exact-commit
jenkinsci_pipeline-githubnotify-step-plugin.Jenkinsfile	jenkinsci/pipeline-githubnotify-step-plugin	80198b1c4924ac766071f98471f96d52b61065e090c5b3bab3509342d66efe60	14	7c170521f695b75061f4877b5e5fff1429d0f9e7	a229fa5176886b458ddeab706975e84f5c080753	master	false	MIT	LICENSE	d2037429530030b655ae787dd11e1a2ea23a2b26	exact-commit
jenkinsci_pipeline-gitstatuswrapper-plugin.Jenkinsfile	jenkinsci/pipeline-gitstatuswrapper-plugin	80198b1c4924ac766071f98471f96d52b61065e090c5b3bab3509342d66efe60	14	0a1095163670b65bbca9a0ed767e303bab7af524	a229fa5176886b458ddeab706975e84f5c080753	master	false	MIT	LICENSE	87bc6aa3f0a8f3824480299f3c3b1c5020cd306f	exact-commit
jenkinsci_pipeline-graph-view-plugin.Jenkinsfile	jenkinsci/pipeline-graph-view-plugin	5280e9c06148f8992902115713b4608619583623e59492ec51f4568b126576b5	317	faa3d86d9c8a9bf1a2431be94e7694318832617c	0d9a39601b62c04bbdfd7ba28fc64e22e472c80b	main	false	NOASSERTION	LICENSE.md	9fdf30f2e3a7265a3a1bfed44bfeeddbdd7880b5	exact-commit
jenkinsci_pipeline-maven-plugin.Jenkinsfile	jenkinsci/pipeline-maven-plugin	60fd3138cbd47c3599a1fd75d90a414dcaeb27b8997c951447d1577d046c5b7d	291	b2d61a81a97e8bcb6f012794decb4cd61a017e1d	f0b719d4f96c94c13f51bfb7211411a75a587271	master	false	MIT	LICENSE	9f90e8c4566ed7fc901e4fcbc5c8eb97c6be2902	exact-commit
jenkinsci_pipeline-model-definition-plugin.Jenkinsfile	jenkinsci/pipeline-model-definition-plugin	5187332d0919ef802ec9c3f956ebe87ecbe33ee86869a6d78c74d5be24071704	389	960a123b9fc45a077e4f27e160499ee53d0e2e32	07e7f7c95dd3b3b541fabb2649ba630e070e64e1	master	false	NOASSERTION			exact-commit
jenkinsci_pipeline-stage-view-plugin.Jenkinsfile	jenkinsci/pipeline-stage-view-plugin	a19c8600702d7b479e9028d1907b97d7a7db091f671f2d0ab0a4b26e62088fe3	165	2e844aa40042b733c243c7f48eeed577842ac0c2	5e7561e9202dd3af2eab31749347a5eabe233577	master	false	MIT	LICENSE	38f178553a985e0c421b04a6a1f4388ca2107f63	exact-commit
jenkinsci_pipeline-utility-steps-plugin.Jenkinsfile	jenkinsci/pipeline-utility-steps-plugin	f196d856a3d76a94dc83baad44026c74aff002f1d6ec3f5770af0eab1ddb128a	128	2870faf9a9f540661c5f45f68a116d592be907fd	0ef6cbfd00cd451f633f06b6c73a668c83dd3b8e	master	false	MIT	LICENSE	28c5d7a7869670bcdcf7cbbd49a6022c6dffe41b	exact-commit
jenkinsci_plot-plugin.Jenkinsfile	jenkinsci/plot-plugin	4d39659fb9074dc182c76cb2899eb3ef54c78b79dd0afd08390a257ba53b2995	391	628bb8ac853319304836342fb73a8a3592386afc	71ce5ff1c52433d9c90ce959eef897590b596b86	master	false	NOASSERTION	LICENSE	36e4fffe1ea298b84a9e4535124312096335091e	exact-commit
jenkinsci_plugin-installation-manager-tool.Jenkinsfile	jenkinsci/plugin-installation-manager-tool	0926e30cd2dd73354753881fc1874e124de1f62a6c8ae48a856ac362f8104cd8	527	f36aacd44012c75dd735930270229ee2fce884da	d2ef02e6f6d2d6e264d91eace9644e20c60c96d1	master	false	MIT	LICENSE	ac94bb10af5aeb6f54a9eb5bd74411b47a6289d9	exact-commit
jenkinsci_qy-wechat-notification-plugin.Jenkinsfile	jenkinsci/qy-wechat-notification-plugin	80198b1c4924ac766071f98471f96d52b61065e090c5b3bab3509342d66efe60	14	f48092b6d7923281fb219b71ed986ff563f9288a	a229fa5176886b458ddeab706975e84f5c080753	master	false	Apache-2.0	LICENSE	261eeb9e9f8b2b4b0d119366dda99c6fd7d35c64	exact-commit
jenkinsci_remote-file-plugin.Jenkinsfile	jenkinsci/remote-file-plugin	5254abfbbfabc4d767294fd8125b2dfcc56e2732b019d6e184c58892f1496ffc	484	f922e59c55a4540e1701c8def0245aa24fe54ffe	243cfa2bd93e12fc1a9dc72381be40690cda2b9b	master	false	MIT	LICENSE	4b394c9ea5802f2f607e6d0ff72f11ddbaa3a5e4	exact-commit
jenkinsci_remoting.Jenkinsfile	jenkinsci/remoting	36877e0e55e64ebc34351313f3d71ee4b28f81e1ea87462b06e47fd2fd60003d	405	ee2233fd8df896bc308866d11ebfb997fcabc09f	4fcf60f8f675b88dd0c13f26973acd2b484d192f	master	false	MIT	LICENSE.md	25888231c59f0d44ce45b87730456494e6b24669	exact-commit
jenkinsci_role-strategy-plugin.Jenkinsfile	jenkinsci/role-strategy-plugin	7e88e60b7aec9097529af5d7118630cbfcdd9ec7fbf6ed4c9716162e27046ac1	155	87bff2258656cf43892b6a69053792350dc3a57c	f7f80eb6887a6a83d3ac389ab61aec5e3b449c1c	master	false	MIT	LICENSE.md	8991307ec52f4d189d7ef4e5b3ef0f4cc6af90f5	exact-commit
jenkinsci_simple-build-for-pipeline-plugin.Jenkinsfile	jenkinsci/simple-build-for-pipeline-plugin	2845b2c237d731253c3e47325ba39e11b9b838967e17dac5359c17f9f4e21b11	233	0ff6da430605d1b491c7b6003082abc6fcd3643f	a9ec0abe5704d80d8d5c12fb23efe47272e091d5	master	false	MIT	LICENSE.txt	caf9f10979f1b86d4060fdc1b26ce23caa6948a5	exact-commit
jenkinsci_ssh-steps-plugin.Jenkinsfile	jenkinsci/ssh-steps-plugin	8620258b16c71f5f64c3dcfdd89f3e5cbd5c1cd7e05a10c4bd2abd6d08352dac	245	4b2c9d791b2db9fc6304971401d2082f9954deef	9525b68c605be1641fe1033eb85d7196741bb532	master	false	Apache-2.0	LICENSE	261eeb9e9f8b2b4b0d119366dda99c6fd7d35c64	exact-commit
jenkinsci_stashnotifier-plugin.Jenkinsfile	jenkinsci/stashnotifier-plugin	f9026f285b3abe26184b5979b34e96546cc5bc902f7af36489591338ba78a77f	168	d15749b5bea51e19458e4443fca0e20b2dbf8830	b99480b9c0330d5673186d9cf7b81772b245ceb8	release/1.x	false	NOASSERTION	LICENSE	00d1f6e606372dc0619c97f52479bc60aebd2461	exact-commit
jenkinsci_subversion-plugin.Jenkinsfile	jenkinsci/subversion-plugin	2418db0419db981fff33d651a56dae2e413f1195b8c857434d77201a9b3a6c73	484	fd197dcfc625533e2a72960403805b0e9af259b8	347471d81d47095aaa9270e5ef9e8caeb2ad9224	master	false	NOASSERTION			exact-commit
jenkinsci_swarm-plugin.Jenkinsfile	jenkinsci/swarm-plugin	5f73e8a6f186be327095bec7598ce879a8ab2d6502c06a277f24ffcfc4af2ff8	124	f6012240e2a977d420313916cfb40931c1934814	8b7fd8d8524a99c589e9bcc82a1ac622c2fa7c82	master	false	NOASSERTION			exact-commit
jenkinsci_tekton-client-plugin.Jenkinsfile	jenkinsci/tekton-client-plugin	d90a082e45945ad3211850751744c1bf9051beebe23f5d2f1b5fe8d47f1e4345	555	0004212135bec6e6ae0b0ea49bf620255dc6eacd	a594d18db44cad85a735a3a1c4045bb68319871f	main	false	Apache-2.0	LICENSE	d645695673349e3947e8e5ae42332d0ac3164cd7	exact-commit
jenkinsci_warnings-ng-plugin.Jenkinsfile	jenkinsci/warnings-ng-plugin	953278f0d5ace03574bba987688ea3becce8edaeded21c8f5d4981f9024a4050	412	16c6e58ba822f2d426877ce89511df5cfd76e9e8	5bdffc1e8b46e0620340c56a910cfbbfe1208a3e	main	false	MIT	LICENSE	2657e29918fb46641e6a2451f56bf8105b052696	exact-commit
jenkinsci_webhook-step-plugin.Jenkinsfile	jenkinsci/webhook-step-plugin	12a7b2eafc9735026146fcb7c3f67c05b643762eb2edd4a204543f42a6daf2e9	204	c76f659c505683f09296c86971ba4de292a44424	869f06a4878bed0f285a88c34addd6c9a05f5b46	master	false	MIT	LICENSE	c0132cf5db2847f3e3cfdcad3e18f8532e9ebefe	exact-commit
jenkinsci_workflow-basic-steps-plugin.Jenkinsfile	jenkinsci/workflow-basic-steps-plugin	2cd52a37d94f4b50938a3b388631216a2e3c9e213a93c473716cd3bcc3c73ab0	335	0573509123014a71fbc18f64312df3547ae14f76	3465be9f27dcf69e5031acc6d56a5b45d8f1821f	master	false	NOASSERTION			exact-commit
jenkinsci_workflow-job-plugin.Jenkinsfile	jenkinsci/workflow-job-plugin	a69552cd59c7aa6adac94efaf56983c0492ad0c8ab3e4a3cca4d2cff22f20f2e	133	1465f6f788105216160dd445b2e61d78c65599d5	935e7354fecfa7fd25cb3e60b736829e847f02f8	master	false	MIT	LICENSE	ecdb91a99b2196c152954f5ad57a573470ddabed	exact-commit
jenkinsci_workflow-multibranch-plugin.Jenkinsfile	jenkinsci/workflow-multibranch-plugin	1163d057ade445e43318632820ad8a9b3a5b44fef4be02f3cde11ecbda34efd2	167	4851708b54c6eba8484e5515a056eabbabcf9c93	a57ba5a2e5463b68522a9eda784d74411aec94dd	master	false	NOASSERTION			exact-commit
jerearista_python-jenkinsfile-testing.Jenkinsfile	jerearista/python-jenkinsfile-testing	8dfcee91218f30c5efd20602f9cccad9d15556422539a30556dd4c334f91b070	5252	688a214cee38ce2441cd04f4b07e92d39048eddc	d7bf275eec9b2b9343e0e60393e64bd9b26d878b	master	false	BSD-3-Clause	LICENSE.txt	a645c7b5614888a603e71b6ad31653830cd1faa1	exact-commit
jjasghar_jenkinsfile_cookbook_pipeline.Jenkinsfile	jjasghar/jenkinsfile_cookbook_pipeline	c7105fd8d3a9fa471961ee1470d1e821038895c98b0bdec02d0853e2c2860988	2916	01b3a8c11bad39918d24afc2333ca280a707d89e	f5e84370e7aa96fd782f3f4792c7d28b0e84beab	master	true	NOASSERTION			exact-commit
judexzhu_Jenkins-Pipeline-CI-CD-with-Helm-on-Kubernetes.Jenkinsfile	judexzhu/Jenkins-Pipeline-CI-CD-with-Helm-on-Kubernetes	3d3ecf7c4a000040ae6ff032844c77e61ff493f6d7fb3a8ed73c82facc79b0ee	8578	b7ce91ab0aae9efe0d406c9020faf53bf65f7549	aad146ec8d81598d63912131b30873d9fa73bb50	master	false	NOASSERTION			exact-commit
jussaragranja_SeleniumEasyTest2.Jenkinsfile	jussaragranja/SeleniumEasyTest2	2d283f063a23c459082a8fe89c787ca93d6d3bb07feea952b16240a179b51201	692	bf2435a7bbc286e8d3c865a718a60b3363bcc500	b81ccc2207cc4038869ecda1ef1154303a2b7cc1	master	false	NOASSERTION			exact-commit
juvalen_mb-checker.Jenkinsfile	juvalen/mb-checker	1fd302fd679e03d180d14832ff6f9896a97cfff9c7082d845b49f01bed34ceba	1468	7afa9def6bdf0c49145d6ca4c39e03ac9c533512	5b62e7ee993956394296d215e13ce769d731f10d	master	false	MIT	LICENSE	bfcb1b1eec93ee2657b830bd0cf2f5ad565c949c	exact-commit
k11h-de_zap-jenkins.Jenkinsfile	k11h-de/zap-jenkins	070e8f0fa0bff62cfddcba840f65af0258a6a87617b58a43715d9a143c53c246	8593	709bfdf7c8cd6daf22374a4bcfa2171a2bde595f	73e35a9ff992c6c30e385f852b1c616abdd1479e	main	false	GPL-3.0	LICENSE	f288702d2fa16d3cdf0035b15a9fcbc552cd88e7	exact-commit
kenych_jenkins_config_as_code.Jenkinsfile	kenych/jenkins_config_as_code	a87b6e575f902301b4b0ce96faeef8ce0e787f3b722b65bbcc0c8c704f2126c4	658	e9cb4c1f5014ce668337040f770897d39a255566	293c9eb9944651c51339af1f1aad4dd6a104d5d5	master	false	NOASSERTION			exact-commit
kesselborn_jenkinsfile.Jenkinsfile	kesselborn/jenkinsfile	3fc7eba8b2dad4b63694ac47a5dc2d5e530a0598da045685e749c7b2154f8784	1433	00a983b8122203552faad3c8a8242587b6c9ddd4	c2151f72b3c89b243b04266d68e72bbfc1a579a7	master	true	NOASSERTION			exact-commit
kishorebhatia_pipeline-as-code-demo.Jenkinsfile	kishorebhatia/pipeline-as-code-demo	9c9b797a76cb20ac06dde37ea12e0920426dec674911cbb1c6b0ce573b79b83c	955	e10f769998637c2ff2a5ec546208cf33873b93f0	cb9655d48e8d42e7ee6f10464b8b8ef5f64d7c8f	master	false	NOASSERTION			exact-commit
kitconcept_jenkins-pipeline-examples.Jenkinsfile	kitconcept/jenkins-pipeline-examples	1ab49a7b0677a7d16a74fbe7c16265f723328810dd54a4722c70fff07cc83874	1343	8ce160563f9e65acd8ac3851f29bfcf4097bdd31	e597bbae2ed839a615726c81996b7e49e93050e1	master	false	NOASSERTION			exact-commit
krasi-georgiev_cd-demo.Jenkinsfile	krasi-georgiev/cd-demo	85fddd023ef652d124cffd68c8f4bf33bae7e132a33404c553b36c9b766a64fd	3179	8cdfc3446268f57cc95e3d8d081a3af6ef4042cd	8e0b8f4974163d370672f56975801d6bda588b62	master	false	NOASSERTION			exact-commit
ksuther_jenkins-jenkinsfile-include.Jenkinsfile	ksuther/jenkins-jenkinsfile-include	13d95a44d55afe215ee768d8745f9d932f411be94e4ed32a56c67258434c06ef	262	53d2e54d70b2606fa6c3b2b53fa9d52f83380c29	9ec562c33d1c703ed5eacd703b6f484529766548	master	false	Unlicense	LICENSE	cf1ab25da0349f84a3fdd40032f0ce99db813b8b	exact-commit
liatrio_pipeline-library.Jenkinsfile	liatrio/pipeline-library	181e4e9e32eb0d342b9c2093f504015cfe731ca999448fdccdf62644771fb1b8	543	64db4965cf33ab5a3b9d39f8a5d9636e2a453932	387ef64ce02d5a09c0e7765830388a487784b2be	master	true	NOASSERTION			exact-commit
linuxacademy_cicd-pipeline-train-schedule-autodeploy.Jenkinsfile	linuxacademy/cicd-pipeline-train-schedule-autodeploy	45b14837a72851f233a68b9f7c7bf3ae387eda71f9758ae51120c6b430d4e3ed	2340	560e0314d6ce6d7792817d5b4523e8ad21b64b2e	3ac7d57476086c43b19f3addc9006eae2e03dc31	master	false	NOASSERTION			exact-commit
linuxacademy_cicd-pipeline-train-schedule-canary.Jenkinsfile	linuxacademy/cicd-pipeline-train-schedule-canary	da66b15fbec2d53be16fa027e28c95086989c4f1a4a2471d671cff848ca54f90	1617	e982ea767372e30eeb3a1ef2969fdf755a90c0d7	7878be112548d5801a1683cd4fbbe347b6485c23	master	false	NOASSERTION			exact-commit
linuxacademy_cicd-pipeline-train-schedule-cd.Jenkinsfile	linuxacademy/cicd-pipeline-train-schedule-cd	e2360a17520f120d7977b6316c9a31af8659a60999051ddaf0c2a22f077d0fff	280	ed7be05434023c83b269a672b70b5526a7f6ffe8	e3e8fb3b92b995bff0370f8e9acc7d3f6628f87c	master	false	NOASSERTION			exact-commit
linuxacademy_cicd-pipeline-train-schedule-dockerdeploy.Jenkinsfile	linuxacademy/cicd-pipeline-train-schedule-dockerdeploy	e2360a17520f120d7977b6316c9a31af8659a60999051ddaf0c2a22f077d0fff	280	88a4716aeb05b5d73acea7e8eb4d0d24674194f2	e3e8fb3b92b995bff0370f8e9acc7d3f6628f87c	master	false	NOASSERTION			exact-commit
linuxacademy_cicd-pipeline-train-schedule-kubernetes.Jenkinsfile	linuxacademy/cicd-pipeline-train-schedule-kubernetes	ae01f5db00cd6a42e3eae31b8181420379c931ad6657582b76ea02c9c1599417	1465	0b48d00bc35c770794d33e21228837896eab0de5	58c734b2b4bfc8c7456e8bfaa56eccbdebee5fd7	master	false	NOASSERTION			exact-commit
ljpengelen_jenkinsfile.Jenkinsfile	ljpengelen/jenkinsfile	8adbbd3e12ad16b959035eda86f56dd745fa941a850a1a0c530afd23d999ffc4	2716	2b103e8a90c6b45a1a9a4e30564553017e79952a	27c111c8d8551e53c9f396263e5ca5c2aa1072ad	master	false	MIT	LICENSE	799785bbc3531348bf7ae9473c5f76b1d81f3367	exact-commit
llknur_jenkinsfile-pipeline-project.Jenkinsfile	llknur/jenkinsfile-pipeline-project	755a76248f151de936a449f8e3421a0bcf3aae9ab9655568a464f9dca6c040cc	360	6a425523edb67d0a982d4c22cd33257e7167e8c3	856f06cebe68f7c1a064df14b5e707756301a5be	main	false	NOASSERTION			exact-commit
maajor_Blender-Geometry-CI.Jenkinsfile	maajor/Blender-Geometry-CI	15bac5eeab02e823e04c951a8f59bea69eb68c9561210ce707db7f45783b408d	1199	9be4ba89c5621ad971b88c527d39a8d75b93090d	1d7a31a6426656b831c72a6583f65f437b0694b8	master	false	MIT	LICENSE	9210f0332093e459ea9536e90a29fd5591a3f3e1	exact-commit
macg33zr_pipelineUnit.Jenkinsfile	macg33zr/pipelineUnit	49cfe1433eaccd26eecdaa02529530f6e7e5db14747b4249fae24686c400cae3	2976	2de86e446eb8d9c4c69ca3c31c4a4727127769bb	93414b84fcf95073ceee02db3c03eed749aa9608	master	false	Apache-2.0	LICENSE.txt	8dada3edaf50dbc082c9a125058f25def75e625a	exact-commit
maxyermayank_jenkins-pipeline-demo-api.Jenkinsfile	maxyermayank/jenkins-pipeline-demo-api	bd93a55337f5bca4c582cac07d4c3edc5b6d4b33e266327401e7eb561c90a255	9954	a6bd00d5b0eecb959bf562751ab686832f825342	c27ec2a021dba7d27519ba79c2518e7303ea76d7	develop	false	NOASSERTION			exact-commit
maxyermayank_jenkins-pipeline-demo-pwa.Jenkinsfile	maxyermayank/jenkins-pipeline-demo-pwa	56dd0f75f3f4985fe2a742e7afddce2768b8e0aaff9551b67c2dc65a7f59ab92	8622	4b65e424c655203ccf72149fc219259bdd011681	d6527b9c7f74a65ec516e72e08705b6e2c59657f	develop	false	NOASSERTION			exact-commit
mercedes-benz_pipeliner.Jenkinsfile	mercedes-benz/pipeliner	3d76a9e602572cf99ac23cf15fb86a7294191ac83e86be6cc5ad14e2baad5133	1697	79e7b60b1badb97553635b76bd3c918d5d7f48e4	a775caa157c0ad6b4786a64f2793395efd3b88f0	master	true	MIT	LICENSE	6ed79263844e08e5a96e03eb0f10a123c62cd593	exact-commit
merken_netCoreBuild.Jenkinsfile	merken/netCoreBuild	ccc4b7180a7cca2577525345936cdbacbfaebfc9103f998c084bef3a14abd7cc	4425	8d49202b46c54c93993859118ec4694f2abe03e7	8de7fd6db2d98c9ee8761d0ca66cdeab592d5046	master	false	NOASSERTION			exact-commit
metersphere_jenkins-plugin.Jenkinsfile	metersphere/jenkins-plugin	c0d7701a880914097969ff25376d855e9fb71d04203e02513ce6b0d4b9d5ff17	2342	92e642c6813542254e32533f645fc21a8a7e04b7	4b2d6af2dae43136d3b4b3229180504d455ddca2	v3.x	false	GPL-3.0	LICENSE	f288702d2fa16d3cdf0035b15a9fcbc552cd88e7	exact-commit
microsoft_movie-db-java-on-azure.Jenkinsfile	microsoft/movie-db-java-on-azure	1a27abc99573f5af7d8ed2700ee8f38145ce2ac83e9a19eb50e1e6df0cf94561	1663	f074255964816173b315f397c882843494487cf8	0faef8279f3343544dacfa7bb131751434bdb02d	master	true	MIT	LICENSE	4b1ad51b2f0efc36f38aa3349a9f30fbd9217547	exact-commit
mindstix-labs_qa-automation-accelerator.Jenkinsfile	mindstix-labs/qa-automation-accelerator	63af8a8233e004b5cd7b329ac45aa78fa168ebd8b575d86a0f8826da65b501a4	4085	d3258f98e4048998070e309ff937b2aae97c32bb	dbe6648c1c8143ffe40d4caa8e00bc52e9f09b17	master	false	MIT	LICENSE	4a311345921ad79734677f828383bd42c141e8e0	exact-commit
mjah_kubernetes-jenkins-cicd-pipeline-example.Jenkinsfile	mjah/kubernetes-jenkins-cicd-pipeline-example	63c1d3f9798b3be83cb079a9e87ecffed444c30cdc9b27c98c7d9b38d8c27b2e	5037	d530b515a791b50c29ee5ac89e1d170c09462ebb	88f22f8a5fc0b1b648352ff4d31b4fe7dc7e9989	master	false	MIT	LICENSE	4e0e76a39c1921919732ba52dfec0ece01be5071	exact-commit
mjuuso_provisioning_example.Jenkinsfile	mjuuso/provisioning_example	ab44b497d58fa9c8a95bb5c3d094d3b3ce247cb826ab5d4931b0df1c32f41909	636	4351e7d5d38c9161840363d06d3324d4d375aab6	fb47e147733c93f13a126e7ce10ad3ce7c75bf96	master	false	NOASSERTION			exact-commit
mmelmesary_Automated-DevOps-Project.Jenkinsfile	mmelmesary/Automated-DevOps-Project	12e23b496360a267319b3443073e62c2e9a1e8ef0b00b3b7322830b81276086f	2819	b85aabd3cb6099304e11d0d2e84121963db721f3	36b9dcd9f23e9a2bb0f1917ae8faa78c5f07d59d	main	false	NOASSERTION			exact-commit
mraible_ng-demo.Jenkinsfile	mraible/ng-demo	02aa1ea203dbfd2537a2d2cf42cd77be904305114e3334e63810d004a35b910b	503	56eb40d03ab598b94812b10bfcb3dd9f99570256	69148150d49cd4e69138f34f9bd14ca4d53d9bd0	main	false	NOASSERTION			exact-commit
msfidelis_jenkins-ecs-slaves.Jenkinsfile	msfidelis/jenkins-ecs-slaves	6e9f822b04115dfaee21baddb9b07083bcee6803a599ba2266696e78ea981a3e	1830	ffc6b9599895403b18975021e81deaa2a87d3266	96017f9d77245760864f119d001e8bc24a5c7764	master	false	MIT	LICENSE	5bbb27f3339e42fb4d96ce07f2071ad3c76d9d59	exact-commit
murphysecurity_murphysec-jenkins-tools.Jenkinsfile	murphysecurity/murphysec-jenkins-tools	95d2e639ae3d4d44c0e8875dcdc692ef7deb697b06be3d4405c66df005b66f59	3030	8f7254a4f0f43cfa08e66d11cede1acdaad7f30d	75c8a0792fef71c5b686a4d5af3985fa14388ad1	main	false	Apache-2.0	LICENSE	261eeb9e9f8b2b4b0d119366dda99c6fd7d35c64	exact-commit
narasimhavuppala_jenkins-calculator.Jenkinsfile	narasimhavuppala/jenkins-calculator	f4708d1b0924918688e65ccb1d92bd6675792d04cc8d1d0d1541bea1b01eb47b	1709	1fef77b7b2554bb19e436e9a63a115788fd1e57a	68169e7d8250efedea8cdc72b835d91e27684fbe	master	false	NOASSERTION			exact-commit
narottamgla_selenium-bdd-cucumber.Jenkinsfile	narottamgla/selenium-bdd-cucumber	03fdd3aaba943a8fceff66fac3dffb4c2bfc5b6a18ed13d0c1f9fd5f5bbbd535	1202	77fb7dca5ffc5b76059bee0dd79d30a470db2198	85844ff7c5609dcc0df9d4f9d57fe1b0ca38713b	master	false	NOASSERTION			exact-commit
netcorebcn_quiz.Jenkinsfile	netcorebcn/quiz	269b91998fe8d4225727414822bdebc5497b403dfe5751a3d8dd8f3376ad35f2	1332	ce3ef2e7520c9a0ccf9aee44441277ee114de1b6	f45f3f05770cba3c636a81d28c7e46d5c5d0d9a0	master	false	NOASSERTION			exact-commit
nikoly_selenium-grid-docker.Jenkinsfile	nikoly/selenium-grid-docker	abe030521634575e7d210ccf44f4b0f45b4f540307589df69baa71dfd00bbb19	1381	3431df31ee64602a504732fa6fdc65600ac6a268	6093d1ca08c652f2211928e16ffbfd55278bdad3	master	false	NOASSERTION			exact-commit
ocf_ircbot.Jenkinsfile	ocf/ircbot	29d0e7baa621e7decbe170dc7da3a977cf7e228c9915eb74c081aaa8ed133e2e	128	654dd2b683b3193324b340519182b2afd3fc1a7e	7de8ad2646afd48aada9717cfa3417ee0062ca75	master	true	NOASSERTION	LICENSE	afb128333169965ce8fb4d99e34c5a423215cef8	exact-commit
ocf_ocflib.Jenkinsfile	ocf/ocflib	4c964f50f4b0c7559566e50e9f6fe41080bada05dd94b6af403d05c956931f17	145	897482d14cfd3d4974fbd6866d14efc9974ee94f	83b0c6c457d9141344fbfeb69f8d6237ae593de2	master	false	NOASSERTION	LICENSE	afb128333169965ce8fb4d99e34c5a423215cef8	exact-commit
ocf_ocfweb.Jenkinsfile	ocf/ocfweb	29d0e7baa621e7decbe170dc7da3a977cf7e228c9915eb74c081aaa8ed133e2e	128	c70a5630b9cc7546207b522a84c8ff3e6b8572a7	7de8ad2646afd48aada9717cfa3417ee0062ca75	master	false	NOASSERTION	LICENSE	82d2d511cb6733267b7fe9135aee58366541548e	exact-commit
ocf_slackbridge.Jenkinsfile	ocf/slackbridge	0aa9911eacc2035453680285077c2ce5e208eb6277ea9945205c171862e4aa45	87	93d31c9ef117bf56fee0df2d493908b173508d1e	a5ff6ca6f1d0ed936ca4a3828dae079cda0563e2	master	true	NOASSERTION	LICENSE	afb128333169965ce8fb4d99e34c5a423215cef8	exact-commit
pavankjadda_BookStore.Jenkinsfile	pavankjadda/BookStore	9d22722b17384ab6bc4030acf57ac3211e657818488550108e8c1a798f0280ff	5482	9429d8fd27e5aae6b59a6ec518787e1af8886e96	0fccb45a1e973dbe59fc8cffae5431426f2bce04	master	false	GPL-3.0	LICENSE	f288702d2fa16d3cdf0035b15a9fcbc552cd88e7	exact-commit
pawnu_PythonSecurityPipeline.Jenkinsfile	pawnu/PythonSecurityPipeline	f96bc5b6b36e827d1c7bb4bad17dab76c9d057b1a1836076828def88a60f3ee9	4722	5b99a0fd53af391b0580707f0fa98b3a0c293bed	651d3097a6b4550ebf58edd84317b6acb0ec165e	master	false	MIT	LICENSE	f165a61716843a97dc99a7f97f9c21b8617cd781	exact-commit
planetpratik_CMake-Jenkins-CPP.Jenkinsfile	planetpratik/CMake-Jenkins-CPP	7b21bd64c800a8faa851a4c64cd24d78dbdbdd105b651c3d75d503943b2cc9eb	4402	c4a81e7bad8119d7b7ea88e7b26bdf4032666519	109d9740d6c3a1e623d52c049dc8b5b9bcb44fef	master	false	NOASSERTION			exact-commit
prashantgohel321_DevOps-Project-Two-Tier-Flask-App.Jenkinsfile	prashantgohel321/DevOps-Project-Two-Tier-Flask-App	dd8d06e2da183adc4b55ac91cb90f78abee1bc42da67513b649d7b4a07280ed7	652	b2bb443b74285c81881f46dc961926da8a45f1cf	aaa143e9741f72fef00d44538ab75808bd966802	main	false	NOASSERTION			exact-commit
qiuhuanhen_springboot-DDD.Jenkinsfile	qiuhuanhen/springboot-DDD	82806ec4f749d1daed2f8bcbef8a23c55cc425a5d2d9e3373ff45a49e8d63ed0	4714	812260b2c8eff10dd5acceacbb0c831fa8d54fb3	6d12d4396fa68a167febb4a8b0c0fe72eece9def	master	false	NOASSERTION			exact-commit
releaseworks_hellonode.Jenkinsfile	releaseworks/hellonode	745ff1f8d674e410b2d6b918f818904f03c1c03c1f4eb947a82ece73cd98b785	1033	7527763d85aa1b87c6df538ea126c1f211f0d29b	6c409805723ffa2eb131ffea8124afd8d6a5293f	master	false	NOASSERTION			exact-commit
restalion_python-jenkins-pipeline.Jenkinsfile	restalion/python-jenkins-pipeline	5ab9c60e963b46ae8a92529047eafe4d77500038a0c65c19d08f5efca952db54	6338	23c29e89bb9565737fe9c4ab2d8769f6fcf9a52f	b51b5513155a3241ac1a9f116a68659a14de1ddd	master	false	Apache-2.0	LICENSE	261eeb9e9f8b2b4b0d119366dda99c6fd7d35c64	exact-commit
ricardozanini_soccer-stats.Jenkinsfile	ricardozanini/soccer-stats	1ee8fa18a6b7108c27211923b26e09f6633c7057668674d5a33630863498cb44	4101	0d4b1381b4b8315d15b9cab548b4787d98cf4fdb	07ae94abd41a861a14c7d0f17bad0546eb24ca66	master	false	NOASSERTION			exact-commit
rmkanda_secure-pipeline-java-demo.Jenkinsfile	rmkanda/secure-pipeline-java-demo	187460bf1153198b71a6553be584e181a5eaee0be7fbaa7ec74a2c94751aec8a	4192	fd3c6055f1a0180f52f86c02cc4a0bb9889d2774	42db629b2f0a1fbfe62a6a11e979ce446e4767fd	main	false	MIT	LICENSE	6cb6deda7f8e7d146f793d58610ca7bcd2842555	exact-commit
roryeckel_codex-jenkinsfile.Jenkinsfile	roryeckel/codex-jenkinsfile	1da7a5bca48507cf8c31f5886a2662ef598bb78fcd4ae17abdaac3355296bfc8	19507	3cab2d87083b3a39f77e945b9ac805c30c06a4ad	119ec32c7639c5e51f10ec2d3c4c86345035f4bd	master	false	Apache-2.0	LICENSE	d645695673349e3947e8e5ae42332d0ac3164cd7	exact-commit
rosineygp_mkdkr.Jenkinsfile	rosineygp/mkdkr	1727df980002204986ca8474ad2a7acd2f9b1bf30072bc31002c13490d292eab	2180	87895287e03a2f4e057c2f2513833fa9119b65ff	7d06d7ef102c2228edb926e97738e0b0797a8c5c	master	false	Apache-2.0	LICENSE	261eeb9e9f8b2b4b0d119366dda99c6fd7d35c64	exact-commit
saidsef_alpine-jenkins-dockerfile.Jenkinsfile	saidsef/alpine-jenkins-dockerfile	af9517826efe6cbd860697b48a08d0afd69796bce0350cd341d52b19c3ee22dc	1021	f865012d5414037268508940eee0a33d89db7854	54f978712628ee827de9754104dbc65d2549dfa5	main	false	MIT	LICENSE.md	625a1d3e95eab27efd70aa1acde9289774f89d36	exact-commit
saidsef_jenkins-pipeline-examples.Jenkinsfile	saidsef/jenkins-pipeline-examples	df0cbdee3420dfee982d8753a6e8c8dd73c807dcd92a749475fbf3286763ca61	2069	081174e392da1ea5738c68b4006a3ef78753e550	3dace2e17db60f516893e5f694938c643c7faaec	master	false	MIT	LICENSE.md	625a1d3e95eab27efd70aa1acde9289774f89d36	exact-commit
shazforiot_Jenkins-integration-with-kubernetes.Jenkinsfile	shazforiot/Jenkins-integration-with-kubernetes	67d9f25a347742844f119333eb51afdfd9e1e7e5413d9d27c0a2bef356fc1aae	884	afccca110e00303e7d20e91e182fe21a63105632	e9b251364dc5368b1427c4d6963a17d242d5d8dc	main	false	NOASSERTION			exact-commit
shipping-docker_simple-jerkins.Jenkinsfile	shipping-docker/simple-jerkins	b87d30ae1db0b04576c9faa3ba3956a9022a6a77e1846019010624dc443edc7a	514	02d911b6ba8d5615ef8a4000b8987b5291091513	83d8511dddebae43980f96683b9dc08dc041f962	master	false	NOASSERTION			exact-commit
sidd-harth_apigee-cicd.Jenkinsfile	sidd-harth/apigee-cicd	d2cd4880977702e4b4fd0f52fd278f4cd91abd1bce9083f21fc2ab2d944c38c6	3972	c08752fa959b4905b9c3b8102cddaa6e8e64e77d	9187e1c0455bf97ebb775a34c0fd42ac49218a13	master	false	MIT	LICENSE	656e04422c3147412e50ce3bfc675ce5d950d2a8	exact-commit
sixeyed_jenkins-pipeline-demos.Jenkinsfile	sixeyed/jenkins-pipeline-demos	dec6273f52492c13c0ccff4c35737a90aa42563e5d6a16aebde5e05725b37b40	360	bf2eb40a98785e156885cdb1f28548448741f773	5327db7419271ebe1cfc916bdbc5e01f59c74085	master	false	NOASSERTION			exact-commit
stakater_GitWebhookProxy.Jenkinsfile	stakater/GitWebhookProxy	4ce6a3c97a4c93da1cada8546bdfe3795846090984a60579c69ebbc6b7c7af48	310	f4196bdbd2cbe62cc5e9c4f1099b4b6b13c82e4f	e88d8ce8f3f85ab9801fadd1011e53dcf075a6df	master	false	Apache-2.0	LICENSE	261eeb9e9f8b2b4b0d119366dda99c6fd7d35c64	exact-commit
tknerr_jenkins-pipes-helloworld.Jenkinsfile	tknerr/jenkins-pipes-helloworld	cbb0bb169aeb2dd90af397ceace7bfb2c2b2dde67ebdbf8fd39f1ee48d75d657	468	c1d6861702f55340bb62bea381104db1b3574644	952cddfadadb3ebde2cd0cf5eda2b449e17f20dc	master	false	NOASSERTION			exact-commit
tomasbjerre_bitbucket-server-jenkins-release-tags.Jenkinsfile	tomasbjerre/bitbucket-server-jenkins-release-tags	cada596a9f33ace474524f2f7b0e302c67d0046172407aeaf33fb26a632be19b	2106	f97826b1a12dd587c786d5973c6da2fd3dff66df	57d7e0d5435afa5f7f882fbbedc83dfb117039d2	master	true	NOASSERTION			exact-commit
varunpalekar_php-ci-cd.Jenkinsfile	varunpalekar/php-ci-cd	49b9190eac06717fca72a3d721427e1ec0deb3e3d6dcf0001af2fcd031220f67	6463	3529023acb4a4676aaab05ede25465695187d706	5c47e8cb145747c07b0c28975108f8a3c7135dbf	develop	false	NOASSERTION			exact-commit
vineet68sharma_CI-CD-Docker.Jenkinsfile	vineet68sharma/CI-CD-Docker	cb78a1989b37be4a82c575bb29d0805867b0049c630b5a64db5cdda791d82a5b	1967	c9872f2b2681d7a49e9efbb85c95fca81a259635	a8fbfed1ef92349c02d3684867ff24581b19c3a8	master	false	NOASSERTION			exact-commit
vinsguru_docker-selenium-jenkinsfile.Jenkinsfile	vinsguru/docker-selenium-jenkinsfile	db6d2c777190aa6efe618641dd8b06e35e4f4678c0d0199d3166598a1f1e947a	713	64dad0b93f64002168eef2bf42f5710af8adbb7d	eabe07dbb5336cd40a8952400cb195350042b002	master	false	NOASSERTION			exact-commit
vskurikhin_DayBook3.Jenkinsfile	vskurikhin/DayBook3	57bab1e2d33e71b2b5bf25db1804c0b48dca3b25d9da2fe3871995c3ead426da	5942	fa8d3adc6e563be7883f844f0ea635af0b0cf706	a328c0324fe5187ffe81b377ae43be57d58e7b04	main	false	NOASSERTION			exact-commit
wanghaoxi3000_advproject.Jenkinsfile	wanghaoxi3000/advproject	7f5fbf483526cf030172c5ee3a0cf302704dd16a95061256a8ac23d367949936	1982	7a675bcc63012d6b2be5dc7dc22a8be40cc54b02	fbd61431a877a76bbff5e199317c3578f3f94163	master	false	NOASSERTION			exact-commit
wildec2_java-selenium-framework.Jenkinsfile	wildec2/java-selenium-framework	21311566e0db00ad91600740e7be73e097579b3d48e8b19bb407641d6b3ef60e	903	e3babdf9bbdbc61856434d908379faacef29e84f	a526db1feb8fa9e41e91572268d41fce84ef4761	master	false	NOASSERTION			exact-commit
yashpimple_Jenkins-CI-CD-with-GitHub-Integration.Jenkinsfile	yashpimple/Jenkins-CI-CD-with-GitHub-Integration	21618ea800b5ae44db372d8fbb90e3c1779197d943cc9c2b783971c903218f37	512	01c3aaacd1b59a8a4c04bdf5f3be9f5b8a81a148	7ed69c0fd7d253c536dd46db273ba7e86764fd63	main	false	NOASSERTION			exact-commit
zhangjian-ai_AutomationTestPlat.Jenkinsfile	zhangjian-ai/AutomationTestPlat	d246449de0fd9403a283f58813b692ae144d0783764d40b7e94ea2b1d1c91e69	2293	27ff2ed257282ec6b7c81664d38326998aa5088f	e38d8010d6c455e509085c2ce55402f9eb17a2b4	main	false	NOASSERTION			exact-commit
zowe_jenkins-library.Jenkinsfile	zowe/jenkins-library	45d604f1e864f1d0dc7cb717ed9d278d1775980c203c7ed3d7406be2ab6593ef	7753	60dfc651b61ab387e475b84924a972da8367811a	eb31710309f3e5b63841c75f88f7331d29fdc269	master	false	EPL-2.0	LICENSE	e23ece2c852415800ac224b74ede6c5849f6f88d	exact-commit
